date,open
01/03/2001,210.56
01/05/2001,214.32
01/08/2001,218.12
01/10/2001,222.15
01/12/2001,225.67
01/15/2001,228.35
01/17/2001,232.68
01/19/2001,236.97
01/29/2001,241.36
01/31/2001,245.8
02/02/2001,250.23
02/05/2001,254.96
02/07/2001,259.93
02/09/2001,260.15
02/12/2001,256.18
02/14/2001,252.21
02/16/2001,248.98
02/19/2001,245.99
02/21/2001,246.75
02/23/2001,251.22
02/26/2001,255.61
02/28/2001,252.4
03/02/2001,253.64
03/05/2001,250.73
03/07/2001,248.05
03/09/2001,252.61
03/12/2001,255.99
03/14/2001,257.7
03/16/2001,258.52
03/19/2001,260.29
03/21/2001,261.11
03/23/2001,259.6
03/26/2001,260.11
03/28/2001,264.7
03/30/2001,269.3
04/02/2001,274.43
04/04/2001,279.56
04/06/2001,284.69
04/09/2001,289.82
04/11/2001,295.09
04/13/2001,300.36
04/16/2001,306.16
04/18/2001,311.96
04/20/2001,317.76
04/23/2001,313.74
04/25/2001,315.27
04/27/2001,321.07
05/02/2001,327.13
05/04/2001,332
05/07/2001,338.35
05/09/2001,344.47
05/11/2001,351.06
05/14/2001,357.65
05/16/2001,364.27
05/18/2001,370.9
05/21/2001,377.43
05/23/2001,384.16
05/25/2001,390.88
05/28/2001,397.5
05/30/2001,404.26
06/01/2001,411.03
06/04/2001,417.79
06/06/2001,424.56
06/08/2001,426.58
06/11/2001,428.02
06/13/2001,456.18
06/15/2001,486.34
06/18/2001,518.62
06/20/2001,553.56
06/22/2001,563
06/25/2001,571.04
06/27/2001,531.93
06/29/2001,500.28
07/02/2001,491.17
07/04/2001,512.8
07/06/2001,502.93
07/09/2001,470.83
07/11/2001,436.13
07/13/2001,416.46
07/16/2001,411.43
07/18/2001,438.12
07/20/2001,466.67
07/23/2001,438.33
07/25/2001,450.87
07/27/2001,445.37
07/30/2001,422.46
08/01/2001,395.63
08/03/2001,371.76
08/06/2001,350.69
08/08/2001,373.63
08/10/2001,394.18
08/13/2001,368.34
08/15/2001,344.31
08/17/2001,321.83
08/20/2001,302.25
08/22/2001,320.98
08/24/2001,300.03
08/27/2001,279.65
08/29/2001,261.35
08/31/2001,277.4
09/05/2001,296.43
09/07/2001,307.76
09/10/2001,286.55
09/12/2001,284.68
09/14/2001,274.64
09/17/2001,266.09
09/19/2001,273.37
09/21/2001,272.03
09/24/2001,259.75
09/26/2001,249.72
09/28/2001,244.46
10/01/2001,229.06
10/03/2001,214.29
10/05/2001,203.12
10/08/2001,217.1
10/10/2001,221.18
10/12/2001,225.27
10/15/2001,229.35
10/17/2001,233.48
10/19/2001,237.62
10/22/2001,242.01
10/24/2001,246.41
10/26/2001,250.85
10/29/2001,255.55
10/31/2001,260.29
11/02/2001,265.03
11/05/2001,269.77
11/07/2001,274.89
11/09/2001,280.03
11/12/2001,285.06
11/14/2001,290.51
11/16/2001,295.97
11/19/2001,301.09
11/21/2001,296.11
11/23/2001,292.17
11/26/2001,296.9
11/28/2001,293.03
11/30/2001,288.52
12/03/2001,283.02
12/05/2001,279.15
12/07/2001,275.49
12/10/2001,271.62
12/12/2001,267.83
12/14/2001,263.04
12/17/2001,259.08
12/19/2001,247.26
12/21/2001,250.95
12/24/2001,248.05
12/26/2001,242.75
12/28/2001,239.27
12/31/2001,235.4
01/02/2002,231.7
01/04/2002,227.79
01/07/2002,225.95
01/09/2002,222.9
01/11/2002,219.22
01/14/2002,214.16
01/16/2002,210.68
01/18/2002,206.79
01/21/2002,203.27
01/23/2002,206.01
01/25/2002,209.02
01/28/2002,210.76
01/30/2002,207.55
02/01/2002,204.48
02/04/2002,203.77
02/06/2002,205.37
02/08/2002,205.2
02/18/2002,202.89
02/20/2002,199.52
02/22/2002,196.58
02/25/2002,193.79
02/27/2002,191.1
03/01/2002,193.59
03/04/2002,190.98
03/05/2002,188.22
03/06/2002,185.74
03/07/2002,183.2
03/08/2002,181.2
03/11/2002,180.73
03/12/2002,182.92
03/13/2002,185.66
03/14/2002,188.97
03/15/2002,192.39
03/18/2002,190.3
03/19/2002,187.06
03/20/2002,189.05
03/21/2002,189.26
03/22/2002,187.67
03/25/2002,188.71
03/26/2002,191.97
03/27/2002,195.11
03/28/2002,197.89
03/29/2002,200.15
04/01/2002,203.14
04/02/2002,203.22
04/03/2002,202.16
04/04/2002,201.38
04/05/2002,198.77
04/08/2002,198.52
04/09/2002,200.48
04/10/2002,200.85
04/11/2002,200.36
04/12/2002,199.69
04/15/2002,200.4
04/16/2002,198.44
04/17/2002,197.12
04/18/2002,199.31
04/19/2002,201.43
04/22/2002,201.14
04/23/2002,202.81
04/24/2002,205.65
04/25/2002,207.06
04/26/2002,208.48
05/02/2002,209.52
05/03/2002,212.95
05/06/2002,214.23
05/07/2002,210.43
05/08/2002,207.05
05/09/2002,208.85
05/10/2002,211.88
05/13/2002,209.62
05/14/2002,209.88
05/15/2002,209.82
05/16/2002,209.08
05/17/2002,209.79
05/20/2002,208.14
05/21/2002,208.93
05/22/2002,209.66
05/23/2002,208.93
05/24/2002,208.04
05/27/2002,206.3
05/28/2002,205.02
05/29/2002,203.65
05/30/2002,203.77
05/31/2002,207.12
06/03/2002,207.81
06/04/2002,205.68
06/05/2002,205.48
06/06/2002,205.07
06/07/2002,203.06
06/10/2002,204.88
06/11/2002,203.53
06/12/2002,203.79
06/13/2002,202.35
06/14/2002,200.75
06/17/2002,197.77
06/18/2002,195.59
06/19/2002,192.13
06/20/2002,193.32
06/21/2002,196.89
06/24/2002,200.5
06/25/2002,202.4
06/26/2002,200.5
06/27/2002,199.61
06/28/2002,202.06
07/01/2002,200.26
07/02/2002,199.94
07/03/2002,199.61
07/04/2002,199.7
07/05/2002,200.5
07/08/2002,200.19
07/09/2002,199
07/10/2002,197.27
07/11/2002,197.25
07/12/2002,198.17
07/15/2002,197.37
07/16/2002,196.85
07/17/2002,194.3
07/18/2002,192.42
07/19/2002,191.25
07/22/2002,193.36
07/23/2002,196.85
07/24/2002,197.42
07/25/2002,194.49
07/26/2002,195.79
07/29/2002,195.16
07/30/2002,196.94
07/31/2002,197.57
08/01/2002,197.12
08/02/2002,195.06
08/05/2002,193.67
08/06/2002,194.34
08/07/2002,194.06
08/08/2002,193.39
08/09/2002,192.49
08/12/2002,191.53
08/13/2002,189.78
08/14/2002,188.73
08/15/2002,189.55
08/16/2002,191.67
08/19/2002,192.67
08/20/2002,190.96
08/21/2002,190.9
08/22/2002,190.95
08/23/2002,190.21
08/26/2002,189.97
08/27/2002,189.32
08/28/2002,190.54
08/29/2002,191.28
08/30/2002,191.66
09/03/2002,191.43
09/04/2002,190.59
09/05/2002,190.54
09/06/2002,190.45
09/09/2002,190.21
09/10/2002,189.86
09/11/2002,189.4
09/12/2002,189.14
09/13/2002,188.72
09/16/2002,188.66
09/17/2002,186.87
09/18/2002,185
09/19/2002,184.69
09/20/2002,183.83
09/23/2002,182.33
09/24/2002,179.93
09/25/2002,181.66
09/26/2002,183.67
09/27/2002,182.62
09/30/2002,182.13
10/01/2002,182.97
10/02/2002,182.84
10/03/2002,183.4
10/04/2002,182.49
10/07/2002,181.71
10/08/2002,180.02
10/09/2002,178.85
10/10/2002,179.1
10/11/2002,179.33
10/14/2002,180.1
10/15/2002,180.63
10/16/2002,180.13
10/17/2002,179.66
10/18/2002,178.64
10/21/2002,178.66
10/22/2002,179.39
10/23/2002,179.1
10/24/2002,178.94
10/25/2002,178.81
10/28/2002,178.8
10/29/2002,177.92
10/30/2002,177.61
10/31/2002,177.61
11/01/2002,177.35
11/04/2002,176.57
11/05/2002,175.02
11/06/2002,174.84
11/07/2002,174.62
11/08/2002,174.88
11/11/2002,175.19
11/12/2002,175.27
11/13/2002,175.63
11/14/2002,175.42
11/15/2002,175.77
11/18/2002,175.73
11/19/2002,175.54
11/20/2002,176.08
11/21/2002,176.47
11/22/2002,175.24
11/25/2002,176.47
11/26/2002,176.5
11/27/2002,176.44
11/28/2002,177.25
11/29/2002,177.87
12/02/2002,179.27
12/03/2002,183.56
12/04/2002,187.21
12/05/2002,186.83
12/06/2002,184.55
12/09/2002,183.62
12/10/2002,184.75
12/11/2002,184.34
12/12/2002,183.69
12/13/2002,184.15
12/16/2002,184.74
12/17/2002,185.37
12/18/2002,185.96
12/19/2002,186.18
12/20/2002,184.94
12/23/2002,184.23
12/24/2002,184.18
12/25/2002,184.14
12/26/2002,183.78
12/27/2002,183.05
12/30/2002,182.65
12/31/2002,183.33
01/02/2003,183.41
01/03/2003,182.39
01/06/2003,181.76
01/07/2003,180.63
01/08/2003,179.79
01/09/2003,178.93
01/10/2003,178.67
01/13/2003,178.03
01/14/2003,177.31
01/15/2003,176.43
01/16/2003,173.11
01/17/2003,173.05
01/20/2003,171.4
01/21/2003,171.36
01/22/2003,170.55
01/23/2003,172.03
01/24/2003,172.66
01/27/2003,172.3
01/28/2003,172.38
02/10/2003,170.94
02/11/2003,167.59
02/12/2003,163.91
02/13/2003,167.07
02/14/2003,168.73
02/17/2003,168.49
02/18/2003,167.23
02/19/2003,166.31
02/20/2003,165.99
02/21/2003,164.62
02/24/2003,165.48
02/25/2003,165.29
02/26/2003,164.71
02/27/2003,164.69
02/28/2003,164.61
03/03/2003,165.58
03/04/2003,164.91
03/05/2003,164.34
03/06/2003,164.28
03/07/2003,164.02
03/10/2003,163.57
03/11/2003,162.86
03/12/2003,162.11
03/13/2003,161.63
03/14/2003,161.3
03/17/2003,160.7
03/18/2003,157.83
03/19/2003,157.95
03/20/2003,156.14
03/21/2003,155.24
03/24/2003,153.94
03/25/2003,153.07
03/26/2003,152.36
03/27/2003,151.96
03/28/2003,150.53
03/31/2003,145.41
04/01/2003,139.64
04/02/2003,144.93
04/03/2003,149.18
04/04/2003,150.22
04/07/2003,149.39
04/08/2003,147.14
04/09/2003,146.49
04/10/2003,147.66
04/11/2003,149.27
04/14/2003,149.02
04/15/2003,148.69
04/16/2003,148.78
04/17/2003,150.67
04/18/2003,152.17
04/21/2003,151.97
04/22/2003,151.96
04/23/2003,152.58
04/24/2003,152.98
04/25/2003,152.96
04/28/2003,152.75
04/29/2003,152.54
05/05/2003,152.21
05/06/2003,153.29
05/07/2003,154.82
05/08/2003,155.92
05/09/2003,156.57
05/12/2003,157.89
05/13/2003,158.54
05/14/2003,157.4
05/15/2003,155.67
05/16/2003,155.8
05/19/2003,154.18
05/20/2003,153.9
05/21/2003,154.4
05/22/2003,152.92
05/23/2003,153.32
05/26/2003,153.33
05/27/2003,152.81
05/28/2003,153.04
05/29/2003,152.74
05/30/2003,152.48
06/02/2003,151.45
06/03/2003,151.69
06/04/2003,151.63
06/05/2003,150.79
06/06/2003,151.47
06/09/2003,152.49
06/10/2003,152.2
06/11/2003,152.21
06/12/2003,152.43
06/13/2003,152.59
06/16/2003,151.99
06/17/2003,151.87
06/18/2003,151.62
06/19/2003,151.97
06/20/2003,152.43
06/23/2003,152.24
06/24/2003,151.8
06/25/2003,152.21
06/26/2003,152.4
06/27/2003,152.17
06/30/2003,151.71
07/01/2003,152.29
07/02/2003,154.14
07/03/2003,151.56
07/04/2003,152.15
07/07/2003,152.08
07/08/2003,151.84
07/09/2003,152.22
07/10/2003,151.33
07/11/2003,151.66
07/14/2003,151.48
07/15/2003,150.6
07/16/2003,150.76
07/17/2003,150.65
07/18/2003,150.75
07/21/2003,150.12
07/22/2003,149.74
07/23/2003,149.28
07/24/2003,150.07
07/25/2003,149.92
07/28/2003,148.78
07/29/2003,148.69
07/30/2003,147.91
07/31/2003,147.13
08/01/2003,144.99
08/04/2003,144.55
08/05/2003,143.2
08/06/2003,143.17
08/07/2003,142.16
08/08/2003,141.55
08/11/2003,141.26
08/12/2003,141.8
08/13/2003,140.99
08/14/2003,141.93
08/15/2003,143.49
08/18/2003,143.25
08/19/2003,142.9
08/20/2003,142.63
08/21/2003,142.16
08/22/2003,142.56
08/25/2003,142.01
08/26/2003,142.43
08/27/2003,142.82
08/28/2003,142.32
08/29/2003,142.11
09/03/2003,142.51
09/04/2003,142.25
09/05/2003,141.96
09/08/2003,141.8
09/09/2003,141.44
09/10/2003,141.61
09/11/2003,141.4
09/12/2003,140.53
09/15/2003,140.62
09/16/2003,140
09/17/2003,139.95
09/18/2003,140.27
09/19/2003,140.14
09/22/2003,139.85
09/23/2003,139.86
09/24/2003,140.19
09/25/2003,141.8
09/26/2003,141.25
09/29/2003,140.07
09/30/2003,139.22
10/01/2003,139.31
10/02/2003,139.06
10/03/2003,138.94
10/06/2003,137.61
10/07/2003,137.52
10/08/2003,136.71
10/09/2003,137.32
10/10/2003,136.72
10/13/2003,136.52
10/14/2003,135.94
10/15/2003,135.73
10/16/2003,135.41
10/17/2003,134.14
10/20/2003,134.2
10/21/2003,134.06
10/22/2003,133.15
10/23/2003,132.45
10/24/2003,130.91
10/27/2003,131.14
10/28/2003,131.44
10/29/2003,133.27
10/30/2003,133.97
10/31/2003,135
11/03/2003,136.64
11/04/2003,135.97
11/05/2003,135.5
11/06/2003,136.12
11/07/2003,136.63
11/10/2003,137.5
11/11/2003,138.71
11/12/2003,141.36
11/13/2003,147.88
11/14/2003,156.03
11/17/2003,158.17
11/18/2003,148.76
11/19/2003,148.54
11/20/2003,153.35
11/21/2003,158.02
11/24/2003,163.09
11/25/2003,166.04
11/26/2003,163.55
11/27/2003,161.68
11/28/2003,164.5
12/01/2003,164.75
12/02/2003,164.66
12/03/2003,164.21
12/04/2003,164.11
12/05/2003,163.69
12/08/2003,161.63
12/09/2003,161.14
12/10/2003,162.14
12/11/2003,161.75
12/12/2003,161.71
12/15/2003,162.74
12/16/2003,165.67
12/17/2003,169.72
12/18/2003,170.36
12/19/2003,167.69
12/22/2003,168.5
12/23/2003,166.55
12/24/2003,166.78
12/25/2003,166.57
12/26/2003,166.5
12/29/2003,165.98
12/30/2003,165.82
12/31/2003,166.32
01/05/2004,167.69
01/06/2004,170.78
01/07/2004,170.84
01/08/2004,171.79
01/09/2004,171.44
01/12/2004,173.46
01/13/2004,174.65
01/14/2004,178.72
01/15/2004,176.16
01/16/2004,180.23
01/27/2004,190.88
01/28/2004,200.73
01/29/2004,210.46
01/30/2004,217.7
02/02/2004,213.26
02/03/2004,200.69
02/04/2004,200.03
02/05/2004,217.85
02/06/2004,215.35
02/09/2004,212.7
02/10/2004,212.49
02/11/2004,212.77
02/12/2004,212.99
02/13/2004,215.85
02/16/2004,219.54
02/17/2004,214.2
02/18/2004,220.31
02/19/2004,225.56
02/20/2004,233.83
02/23/2004,244.35
02/24/2004,256.37
02/25/2004,262.04
02/26/2004,252.53
02/27/2004,250.17
03/01/2004,271.44
03/02/2004,275.84
03/03/2004,269.78
03/04/2004,268.24
03/05/2004,264.18
03/08/2004,266.21
03/09/2004,259.29
03/10/2004,247.79
03/11/2004,258.62
03/12/2004,263.13
03/15/2004,262.42
03/16/2004,263.58
03/17/2004,264.02
03/18/2004,258.79
03/19/2004,261.79
03/22/2004,263.31
03/23/2004,259.22
03/24/2004,255.8
03/25/2004,259.23
03/26/2004,269.61
03/29/2004,278.25
03/30/2004,274.42
03/31/2004,272.92
04/01/2004,280.53
04/02/2004,274.66
04/05/2004,270.63
04/06/2004,271.43
04/07/2004,272.03
04/08/2004,267.26
04/09/2004,263.4
04/12/2004,258.52
04/13/2004,251.84
04/14/2004,250.45
04/15/2004,253.47
04/16/2004,259.67
04/19/2004,258.62
04/20/2004,252.78
04/21/2004,257.85
04/22/2004,258.89
04/23/2004,258.85
04/26/2004,259.75
04/27/2004,261.39
04/28/2004,261.8
04/29/2004,263.7
05/04/2004,265.03
05/05/2004,265.52
05/06/2004,263.13
05/07/2004,261.03
05/10/2004,260.28
05/11/2004,256.16
05/12/2004,257.69
05/13/2004,264.94
05/14/2004,262.82
05/17/2004,260.87
05/18/2004,262.21
05/19/2004,260.79
05/20/2004,261.58
05/21/2004,261.54
05/24/2004,262.33
05/25/2004,261.32
05/26/2004,254.94
05/27/2004,252.93
05/28/2004,251.39
05/31/2004,252.23
06/01/2004,252.64
06/02/2004,252.03
06/03/2004,252.69
06/04/2004,250.73
06/07/2004,248.95
06/08/2004,244.76
06/09/2004,245.51
06/10/2004,246.97
06/11/2004,248.27
06/14/2004,251.9
06/15/2004,256.11
06/16/2004,252.37
06/17/2004,251.47
06/18/2004,249.56
06/21/2004,249.32
06/22/2004,248.9
06/23/2004,248.9
06/24/2004,249.63
06/25/2004,249.69
06/28/2004,249.37
06/29/2004,248.62
06/30/2004,248.45
07/01/2004,249.42
07/02/2004,248.67
07/05/2004,247.93
07/06/2004,247.49
07/07/2004,247.37
07/08/2004,246.55
07/09/2004,246.84
07/12/2004,245.8
07/13/2004,246.11
07/14/2004,244.61
07/15/2004,242.32
07/16/2004,242.72
07/19/2004,244.17
07/20/2004,242.26
07/21/2004,243.72
07/22/2004,244.18
07/23/2004,244.04
07/26/2004,242.87
07/27/2004,241.78
07/28/2004,240.17
07/29/2004,238.32
07/30/2004,235.36
08/02/2004,238.41
08/03/2004,236.05
08/04/2004,232.39
08/05/2004,228.84
08/06/2004,226.55
08/09/2004,215.59
08/10/2004,209.41
08/11/2004,228.17
08/12/2004,227.08
08/13/2004,222.7
08/16/2004,221.13
08/17/2004,220.23
08/18/2004,222.62
08/19/2004,224.35
08/20/2004,228.2
08/23/2004,232.86
08/24/2004,238.46
08/25/2004,232.02
08/26/2004,231.17
08/27/2004,233.67
08/30/2004,233.46
08/31/2004,232.28
09/01/2004,231.89
09/06/2004,231.32
09/07/2004,231.03
09/08/2004,229.89
09/09/2004,230.36
09/10/2004,230.55
09/13/2004,231.68
09/14/2004,231.45
09/15/2004,232.03
09/16/2004,231.95
09/17/2004,231
09/20/2004,231.02
09/21/2004,230.76
09/22/2004,230.37
09/23/2004,230.45
09/24/2004,229.89
09/27/2004,231.06
09/28/2004,231.61
09/29/2004,232.4
09/30/2004,233.32
10/01/2004,233.22
10/04/2004,232.52
10/05/2004,232.45
10/06/2004,233.07
10/07/2004,233.14
10/08/2004,232.44
10/11/2004,231.12
10/12/2004,230.28
10/13/2004,231
10/14/2004,231.37
10/15/2004,231.61
10/18/2004,233.76
10/19/2004,234.87
10/20/2004,236.05
10/21/2004,234.76
10/22/2004,233.76
10/25/2004,233.2
10/26/2004,234.12
10/27/2004,233.79
10/28/2004,234.57
10/29/2004,231.8
11/01/2004,232.57
11/02/2004,232.45
11/03/2004,232.4
11/04/2004,231.3
11/05/2004,230.84
11/08/2004,229.92
11/09/2004,229.47
11/10/2004,228.46
11/11/2004,228.85
11/12/2004,227.01
11/15/2004,226.89
11/16/2004,226.72
11/17/2004,226.18
11/18/2004,225.48
11/19/2004,224.14
11/22/2004,224.82
11/23/2004,223.63
11/24/2004,222.24
11/25/2004,221.32
11/26/2004,221.06
11/29/2004,222.12
11/30/2004,228.41
12/01/2004,233.51
12/02/2004,230.67
12/03/2004,228.15
12/06/2004,229.59
12/07/2004,229.59
12/08/2004,229.55
12/09/2004,230.11
12/10/2004,230.11
12/13/2004,231.02
12/14/2004,230.71
12/15/2004,231.53
12/16/2004,232.18
12/17/2004,233.56
12/20/2004,234.12
12/21/2004,234.01
12/22/2004,234.41
12/23/2004,237.15
12/24/2004,239.28
12/27/2004,240.49
12/28/2004,240.5
12/29/2004,237.65
12/30/2004,237.03
12/31/2004,237.59
01/04/2005,238.39
01/05/2005,236.93
01/06/2005,236.06
01/07/2005,235.17
01/10/2005,234.57
01/11/2005,235.01
01/12/2005,234.65
01/13/2005,235.34
01/14/2005,234.6
01/17/2005,236.05
01/18/2005,236.32
01/19/2005,234.15
01/20/2005,234.75
01/21/2005,235.75
01/24/2005,235.98
01/25/2005,234.47
01/26/2005,234.72
01/27/2005,234.28
01/28/2005,234.04
01/31/2005,233.21
02/01/2005,232.93
02/02/2005,232.91
02/03/2005,233.31
02/04/2005,233.68
02/14/2005,235.78
02/15/2005,235.33
02/16/2005,234.28
02/17/2005,234.64
02/18/2005,234.41
02/21/2005,233.72
02/22/2005,233.92
02/23/2005,233.18
02/24/2005,234.09
02/25/2005,234.88
02/28/2005,235.21
03/01/2005,235.96
03/02/2005,236.74
03/03/2005,236.77
03/04/2005,237.92
03/07/2005,237.92
03/08/2005,238.13
03/09/2005,236.86
03/10/2005,236.89
03/11/2005,237.12
03/14/2005,237.16
03/15/2005,237.52
03/16/2005,238.12
03/17/2005,238.18
03/18/2005,238
03/21/2005,238.11
03/22/2005,241.97
03/23/2005,242.84
03/24/2005,247.23
03/25/2005,252.64
03/28/2005,246.54
03/29/2005,243.96
03/30/2005,245.2
03/31/2005,245.09
04/01/2005,247.05
04/04/2005,247
04/05/2005,246.08
04/06/2005,247.42
04/07/2005,244.93
04/08/2005,246.42
04/11/2005,245.81
04/12/2005,248.79
04/13/2005,245.82
04/14/2005,246.02
04/15/2005,246.4
04/18/2005,246.75
04/19/2005,245.37
04/20/2005,247.45
04/21/2005,245.82
04/22/2005,246.06
04/25/2005,246.37
04/26/2005,247.2
04/27/2005,247.18
04/28/2005,244.95
04/29/2005,246.03
05/04/2005,245.56
05/05/2005,244.04
05/06/2005,245.17
05/09/2005,245.23
05/10/2005,244.43
05/11/2005,243.5
05/12/2005,242.69
05/13/2005,243.05
05/16/2005,243.58
05/17/2005,242.02
05/18/2005,241.67
05/19/2005,241.79
05/20/2005,242.69
05/23/2005,243.55
05/24/2005,243.72
05/25/2005,242.85
05/26/2005,243.14
05/27/2005,243.2
05/30/2005,243.27
05/31/2005,243.74
06/01/2005,244.1
06/02/2005,245.18
06/03/2005,245.26
06/06/2005,245.67
06/07/2005,247.1
06/08/2005,247.12
06/09/2005,247.2
06/10/2005,246.46
06/13/2005,246.57
06/14/2005,245.46
06/15/2005,246.05
06/16/2005,246.18
06/17/2005,246.45
06/20/2005,247.31
06/21/2005,246.92
06/22/2005,247.42
06/23/2005,247.3
06/24/2005,247.71
06/27/2005,245.94
06/28/2005,245.31
06/29/2005,244.83
06/30/2005,247.45
07/01/2005,246.83
07/04/2005,246.92
07/05/2005,247.81
07/06/2005,247.52
07/07/2005,247.4
07/08/2005,247.31
07/11/2005,248.7
07/12/2005,249.51
07/13/2005,249.43
07/14/2005,249.76
07/15/2005,248.79
07/18/2005,249.1
07/19/2005,248.38
07/20/2005,248.15
07/21/2005,247.59
07/22/2005,245.77
07/25/2005,246.31
07/26/2005,245.95
07/27/2005,244.24
07/28/2005,243.67
07/29/2005,245.53
08/01/2005,245.48
08/02/2005,246.53
08/03/2005,247.96
08/04/2005,253.51
08/05/2005,250.93
08/08/2005,250.27
08/09/2005,249.58
08/10/2005,249
08/11/2005,249.21
08/12/2005,248.89
08/15/2005,249.09
08/16/2005,247.9
08/17/2005,247.46
08/18/2005,247.3
08/19/2005,247.47
08/22/2005,247.82
08/23/2005,247.89
08/24/2005,247.98
08/25/2005,248.64
08/26/2005,249.38
08/29/2005,251.05
08/30/2005,255.92
08/31/2005,256.23
09/01/2005,255.02
09/05/2005,254.56
09/06/2005,255.68
09/07/2005,258.73
09/08/2005,262.27
09/09/2005,260.45
09/12/2005,262.9
09/13/2005,263.41
09/14/2005,264.51
09/15/2005,265.03
09/16/2005,268.19
09/19/2005,270.07
09/20/2005,284.55
09/21/2005,288.46
09/22/2005,277.78
09/23/2005,281.28
09/26/2005,278.84
09/27/2005,277.18
09/28/2005,275.62
09/29/2005,275.97
09/30/2005,289.18
10/03/2005,289.95
10/04/2005,285.55
10/05/2005,285.01
10/06/2005,286.96
10/07/2005,289.68
10/10/2005,292.45
10/11/2005,291.98
10/12/2005,291.88
10/13/2005,296.59
10/14/2005,302.7
10/17/2005,310.01
10/18/2005,311.39
10/19/2005,305.19
10/20/2005,307.71
10/21/2005,307.27
10/24/2005,306.57
10/25/2005,306.28
10/26/2005,302.14
10/27/2005,297.95
10/28/2005,305.4
10/31/2005,307.31
11/01/2005,310.34
11/02/2005,314.6
11/03/2005,321.99
11/04/2005,325.25
11/07/2005,321.52
11/08/2005,322.81
11/09/2005,321.32
11/10/2005,320.81
11/11/2005,318.52
11/14/2005,317.77
11/15/2005,318.47
11/16/2005,316.16
11/17/2005,314.85
11/18/2005,312.58
11/21/2005,312.72
11/22/2005,310.84
11/23/2005,307.78
11/24/2005,301.82
11/25/2005,306.53
11/28/2005,310.42
11/29/2005,306.19
11/30/2005,309.16
12/01/2005,311.22
12/02/2005,313.01
12/05/2005,312.53
12/06/2005,312.43
12/07/2005,312.4
12/08/2005,312.83
12/09/2005,314.24
12/12/2005,317.75
12/13/2005,316.8
12/14/2005,316.55
12/15/2005,315.47
12/16/2005,314.57
12/19/2005,314.22
12/20/2005,313.7
12/21/2005,310.68
12/22/2005,308.43
12/23/2005,309.67
12/26/2005,309.56
12/27/2005,309.7
12/28/2005,307.59
12/29/2005,306.6
12/30/2005,310.46
01/03/2006,306.86
01/04/2006,305.3
01/05/2006,305.59
01/06/2006,307.47
01/09/2006,307.76
01/10/2006,306.75
01/11/2006,305.82
01/12/2006,304.3
01/13/2006,305.82
01/17/2006,307.79
01/18/2006,309.9
01/19/2006,310.64
01/20/2006,316.64
01/23/2006,313.49
01/24/2006,308.21
01/25/2006,307.06
01/26/2006,312.92
01/27/2006,312.29
02/06/2006,314.03
02/07/2006,317.43
02/08/2006,324.28
02/09/2006,325.3
02/10/2006,322.57
02/13/2006,324.69
02/14/2006,324.61
02/15/2006,327.1
02/16/2006,330.8
02/17/2006,335.27
02/20/2006,351.45
02/21/2006,366.72
02/22/2006,373.28
02/23/2006,367.91
02/24/2006,373.31
02/27/2006,377.4
02/28/2006,383.19
03/01/2006,402.15
03/02/2006,409.77
03/03/2006,415.56
03/06/2006,401.36
03/07/2006,413.05
03/08/2006,412.98
03/09/2006,413.2
03/10/2006,415.45
03/13/2006,422.97
03/14/2006,431.1
03/15/2006,435.41
03/16/2006,434.56
03/17/2006,436.59
03/20/2006,450.15
03/21/2006,461.56
03/22/2006,468.73
03/23/2006,460.21
03/24/2006,457.94
03/27/2006,460.46
03/28/2006,467.6
03/29/2006,471.41
03/30/2006,492.08
03/31/2006,507.1
04/03/2006,520.53
04/04/2006,536.3
04/05/2006,517.5
04/06/2006,533.87
04/07/2006,540.94
04/10/2006,551.26
04/11/2006,536.49
04/12/2006,534.3
04/13/2006,546.81
04/14/2006,558.38
04/17/2006,561.32
04/18/2006,569.17
04/19/2006,576.11
04/20/2006,571.63
04/21/2006,587.46
04/24/2006,612.8
04/25/2006,638.86
04/26/2006,625.28
04/27/2006,617.47
04/28/2006,584.08
05/03/2006,611.72
05/04/2006,609.52
05/05/2006,602.59
05/08/2006,586.46
05/09/2006,547.33
05/10/2006,521.12
05/11/2006,535.47
05/12/2006,567.69
05/15/2006,590.04
05/16/2006,577.19
05/17/2006,576.25
05/18/2006,568.81
05/19/2006,557.28
05/22/2006,558.15
05/23/2006,540.56
05/24/2006,546.21
05/25/2006,551.57
05/26/2006,543.67
05/29/2006,540.56
05/30/2006,526.15
05/31/2006,531.22
06/01/2006,538.55
06/02/2006,538.37
06/05/2006,548.91
06/06/2006,557.35
06/07/2006,546.2
06/08/2006,544.41
06/09/2006,549.61
06/12/2006,546.95
06/13/2006,546.2
06/14/2006,543.53
06/15/2006,539.08
06/16/2006,529.31
06/19/2006,522.33
06/20/2006,517.1
06/21/2006,495.09
06/22/2006,502.82
06/23/2006,516.59
06/26/2006,504.11
06/27/2006,498.54
06/28/2006,502.51
06/29/2006,506.31
06/30/2006,513.17
07/03/2006,509.78
07/04/2006,503.57
07/05/2006,497.95
07/06/2006,498.07
07/07/2006,506.18
07/10/2006,509.1
07/11/2006,505.77
07/12/2006,504.8
07/13/2006,506.45
07/14/2006,511.99
07/17/2006,498.22
07/18/2006,489.23
07/19/2006,477.13
07/20/2006,458.54
07/21/2006,482.45
07/24/2006,466.6
07/25/2006,449.94
07/26/2006,431.06
07/27/2006,435.13
07/28/2006,445.1
07/31/2006,431.47
08/01/2006,409.67
08/02/2006,388.82
08/03/2006,411.86
08/04/2006,436.12
08/07/2006,439.95
08/08/2006,426.02
08/09/2006,430.97
08/10/2006,429.18
08/11/2006,436.68
08/14/2006,458.97
08/15/2006,468.26
08/16/2006,467.94
08/17/2006,488.78
08/18/2006,486
08/21/2006,485.18
08/22/2006,474.55
08/23/2006,466.97
08/24/2006,480.75
08/25/2006,478.1
08/28/2006,477.45
08/29/2006,485.62
08/30/2006,492.95
08/31/2006,492.53
09/01/2006,494.75
09/05/2006,509.87
09/06/2006,526.87
09/07/2006,514.77
09/08/2006,511.45
09/11/2006,514.87
09/12/2006,506.11
09/13/2006,500.42
09/14/2006,508.97
09/15/2006,508.29
09/18/2006,511.1
09/19/2006,514.03
09/20/2006,519.54
09/21/2006,515.81
09/22/2006,511.61
09/25/2006,514.51
09/26/2006,516.81
09/27/2006,522.21
09/28/2006,522.18
09/29/2006,531.88
10/02/2006,529.57
10/03/2006,538.09
10/04/2006,545.55
10/05/2006,542.82
10/06/2006,532.93
10/09/2006,537.52
10/10/2006,531.97
10/11/2006,524.73
10/12/2006,527.16
10/13/2006,524.98
10/16/2006,527.01
10/17/2006,523.28
10/18/2006,517.93
10/19/2006,522.69
10/20/2006,527.91
10/23/2006,526.05
10/24/2006,526.08
10/25/2006,525.02
10/26/2006,524.59
10/27/2006,520.71
10/30/2006,518.01
10/31/2006,505.23
11/01/2006,516.8
11/02/2006,523.1
11/03/2006,514.11
11/06/2006,513.89
11/07/2006,519.74
11/08/2006,524.28
11/09/2006,530.14
11/10/2006,537.43
11/13/2006,534.04
11/14/2006,549.44
11/15/2006,570.63
11/16/2006,556.42
11/17/2006,563.12
11/20/2006,590.07
11/21/2006,596.23
11/22/2006,609.46
11/23/2006,632.53
11/24/2006,666.04
11/27/2006,687.72
11/28/2006,635.63
11/29/2006,612.16
11/30/2006,616.77
12/01/2006,637.07
12/04/2006,638.89
12/05/2006,644.26
12/06/2006,651.18
12/07/2006,670.13
12/08/2006,696.12
12/11/2006,721.6
12/12/2006,748.58
12/13/2006,740.29
12/14/2006,766.59
12/15/2006,773.47
12/18/2006,775.56
12/19/2006,779.57
12/20/2006,799.31
12/21/2006,778.88
12/22/2006,778.9
12/25/2006,734.66
12/26/2006,747.82
12/27/2006,754.63
12/28/2006,753.81
12/29/2006,751.77
01/02/2007,741.27
01/03/2007,757.71
01/04/2007,788.82
01/05/2007,816.51
01/08/2007,825.11
01/09/2007,844.91
01/10/2007,866.72
01/11/2007,885.43
01/12/2007,914.79
01/15/2007,947.15
01/16/2007,983.6
01/17/2007,964.96
01/18/2007,946.84
01/19/2007,1023.05
01/22/2007,1027.7
01/23/2007,1040.7
01/24/2007,1016.39
01/25/2007,988.86
01/26/2007,974.76
01/29/2007,995.55
01/30/2007,1023.97
01/31/2007,1041.33
02/01/2007,1049.32
02/02/2007,1074.55
02/05/2007,1058.71
02/06/2007,1091.38
02/07/2007,1095.75
02/08/2007,1052.86
02/09/2007,1030.9
02/12/2007,1054.26
02/13/2007,1074.46
02/14/2007,1073.19
02/15/2007,1083.25
02/26/2007,1129.02
02/27/2007,1167.36
02/28/2007,1137.69
03/01/2007,1123.07
03/02/2007,1147.66
03/05/2007,1158.9
03/06/2007,1133.31
03/07/2007,1132.23
03/08/2007,1141.59
03/09/2007,1155.68
03/12/2007,1170.67
03/13/2007,1158.27
03/14/2007,1114.21
03/15/2007,1065.52
03/16/2007,1109.76
03/19/2007,1133.34
03/20/2007,1117.25
03/21/2007,1111.63
03/22/2007,1099.82
03/23/2007,1090.56
03/26/2007,1072.16
03/27/2007,1034.24
03/28/2007,1031.79
03/29/2007,1068.71
03/30/2007,1071.33
04/02/2007,1055.1
04/03/2007,1027.53
04/04/2007,1050.9
04/05/2007,1048.98
04/06/2007,1033.92
04/09/2007,1041.36
04/10/2007,1039.67
04/11/2007,1034.68
04/12/2007,1027.58
04/13/2007,1012.98
04/16/2007,983
04/17/2007,965.72
04/18/2007,1001.12
04/19/2007,998.09
04/20/2007,968.88
04/23/2007,931.18
04/24/2007,905.53
04/25/2007,923.89
05/02/2007,935.48
05/03/2007,937.46
05/04/2007,947.19
05/07/2007,983.62
05/08/2007,1015.43
05/09/2007,1019.96
05/10/2007,1020.04
05/11/2007,1039.63
05/14/2007,1066.04
05/15/2007,1054.69
05/16/2007,1040.99
05/17/2007,1059.79
05/18/2007,1066.56
05/21/2007,1085.41
05/22/2007,1107.52
05/23/2007,1113.19
05/24/2007,1085.3
05/25/2007,1089.6
05/28/2007,1098.64
05/29/2007,1093.77
05/30/2007,1077.88
05/31/2007,1081.48
06/01/2007,1077.36
06/04/2007,1062.1
06/05/2007,1039.66
06/06/2007,1045.29
06/07/2007,1060.02
06/08/2007,1057.36
06/11/2007,1040.75
06/12/2007,1036.54
06/13/2007,1038.8
06/14/2007,1042.79
06/15/2007,1048.19
06/18/2007,1043.99
06/19/2007,1049.58
06/20/2007,1045.28
06/21/2007,1034.43
06/22/2007,1033.69
06/25/2007,1044.39
06/26/2007,1055.7
06/27/2007,1032.96
06/28/2007,1024.04
06/29/2007,1024.68
07/02/2007,994.17
07/03/2007,977.3
07/04/2007,1013.56
07/05/2007,1012.82
07/06/2007,1010.53
07/09/2007,1010.27
07/10/2007,1023.04
07/11/2007,1029.85
07/12/2007,1017.68
07/13/2007,1015.73
07/16/2007,995.83
07/17/2007,1000.33
07/18/2007,994.73
07/19/2007,984.43
07/20/2007,981.31
07/23/2007,979.23
07/24/2007,982.43
07/25/2007,972.56
07/26/2007,956.13
07/27/2007,940.36
07/30/2007,925.44
07/31/2007,907.95
08/01/2007,923.14
08/02/2007,911.18
08/03/2007,892.88
08/06/2007,883.9
08/07/2007,896.91
08/08/2007,910.05
08/09/2007,938.21
08/10/2007,935.68
08/13/2007,909.15
08/14/2007,923.15
08/15/2007,915.34
08/16/2007,900.26
08/17/2007,887.93
08/20/2007,890.02
08/21/2007,895.72
08/22/2007,892.07
08/23/2007,887.62
08/24/2007,905.48
08/27/2007,909.07
08/28/2007,902.58
08/29/2007,901.17
08/30/2007,903.94
08/31/2007,908.37
09/04/2007,929.85
09/05/2007,925.57
09/06/2007,928.36
09/07/2007,934.13
09/10/2007,927.14
09/11/2007,920.48
09/12/2007,921.19
09/13/2007,921.31
09/14/2007,930.46
09/17/2007,934.74
09/18/2007,935.17
09/19/2007,946.22
09/20/2007,963.61
09/21/2007,958.67
09/24/2007,975.82
09/25/2007,1009.88
09/26/2007,1015.91
09/27/2007,1014.09
09/28/2007,1046.86
10/01/2007,1084.39
10/02/2007,1099.48
10/03/2007,1106.6
10/04/2007,1087.76
10/05/2007,1081.63
10/08/2007,1084.87
10/09/2007,1097.36
10/10/2007,1104.67
10/11/2007,1099.31
10/12/2007,1104.61
10/15/2007,1105.21
10/16/2007,1103.88
10/17/2007,1101.29
10/18/2007,1088.68
10/19/2007,1097.07
10/22/2007,1085.74
10/23/2007,1075.29
10/24/2007,1096.2
10/25/2007,1095.53
10/26/2007,1092.48
10/29/2007,1064.2
10/30/2007,1069.78
10/31/2007,1065.09
11/01/2007,1075.92
11/02/2007,1066.63
11/05/2007,1047.15
11/06/2007,1031.71
11/07/2007,1031.2
11/08/2007,1026.47
11/09/2007,1018.29
11/12/2007,1006.12
11/13/2007,973.59
11/14/2007,993.75
11/15/2007,1002.71
11/16/2007,998.22
11/19/2007,998.75
11/20/2007,983.52
11/21/2007,971.49
11/22/2007,977.17
11/23/2007,975.92
11/26/2007,991.38
11/27/2007,988.08
11/28/2007,984.57
11/29/2007,980.09
11/30/2007,972.35
12/03/2007,987.96
12/04/2007,988.91
12/05/2007,976.21
12/06/2007,974.46
12/07/2007,974.63
12/10/2007,958.48
12/11/2007,941.04
12/12/2007,946.32
12/13/2007,930.36
12/14/2007,922.09
12/17/2007,911.15
12/18/2007,919.6
12/19/2007,946.78
12/20/2007,930.45
12/21/2007,935.07
12/24/2007,930.86
12/25/2007,918.43
12/26/2007,924.37
12/27/2007,921.75
12/28/2007,927.02
01/02/2008,921.07
01/03/2008,908.25
01/04/2008,903.09
01/07/2008,887.08
01/08/2008,893.74
01/09/2008,878.41
01/10/2008,850.07
01/11/2008,860.77
01/14/2008,841
01/15/2008,808.83
01/16/2008,846.07
01/17/2008,833.81
01/18/2008,847.05
01/21/2008,833.88
01/22/2008,807.74
01/23/2008,776.68
01/24/2008,764.13
01/25/2008,776.04
01/28/2008,785.07
01/29/2008,811.61
01/30/2008,843.1
01/31/2008,844.11
02/01/2008,859.62
02/12/2008,841.23
02/13/2008,817.86
02/14/2008,823.46
02/15/2008,816.03
02/18/2008,782.57
02/19/2008,776.79
02/20/2008,744.92
02/21/2008,710.45
02/22/2008,687.1
02/25/2008,715.04
02/26/2008,692.91
02/27/2008,686.49
02/28/2008,678.12
02/29/2008,663.3
03/03/2008,635.24
03/04/2008,608.88
03/05/2008,583.45
03/06/2008,611.17
03/07/2008,640.14
03/10/2008,658.29
03/11/2008,638.71
03/12/2008,643.9
03/13/2008,647.6
03/14/2008,643.8
03/17/2008,615.71
03/18/2008,588.26
03/19/2008,573.45
03/20/2008,564.82
03/21/2008,545.68
03/24/2008,521.07
03/25/2008,496.64
03/26/2008,504.67
03/27/2008,508.75
03/28/2008,512.7
03/31/2008,516.85
04/01/2008,520.99
04/02/2008,525.11
04/03/2008,529.23
04/04/2008,533
04/07/2008,542.33
04/08/2008,548.56
04/09/2008,552.05
04/10/2008,545.73
04/11/2008,539.01
04/16/2008,531.38
04/17/2008,537.58
04/18/2008,537.31
04/21/2008,534.92
04/22/2008,530.62
04/23/2008,521.95
04/24/2008,518.42
04/25/2008,515.88
04/28/2008,519.42
04/29/2008,522.36
05/05/2008,521.28
05/06/2008,518.35
05/07/2008,515.26
05/08/2008,507.94
05/09/2008,500.33
05/12/2008,492.04
05/13/2008,483.92
05/14/2008,475.5
05/15/2008,466.67
05/16/2008,460.04
05/19/2008,455.67
05/20/2008,449.24
05/21/2008,441.75
05/22/2008,434.75
05/23/2008,428.05
05/26/2008,420.51
05/27/2008,420.51
05/28/2008,420.51
05/29/2008,420.51
05/30/2008,414.1
06/02/2008,407.94
06/03/2008,401.2
06/04/2008,395.66
06/05/2008,390.08
06/06/2008,384.24
06/09/2008,379.12
06/10/2008,373
06/11/2008,370.45
06/12/2008,370.55
06/13/2008,372.68
06/16/2008,378.2
06/17/2008,384.71
06/18/2008,382.07
06/19/2008,373.27
06/20/2008,366.02
06/23/2008,368.95
06/24/2008,375.97
06/25/2008,383.78
06/26/2008,386.48
06/27/2008,392.61
06/30/2008,399.4
07/01/2008,409.61
07/02/2008,419.29
07/03/2008,430.05
07/04/2008,439.68
07/07/2008,435.89
07/08/2008,436.71
07/09/2008,439.55
07/10/2008,446.6
07/11/2008,456.64
07/14/2008,467.94
07/15/2008,479.8
07/16/2008,486.53
07/17/2008,489.83
07/18/2008,483.05
07/21/2008,470.82
07/22/2008,461.31
07/23/2008,451.17
07/24/2008,435.73
07/25/2008,428.04
07/28/2008,426.23
07/29/2008,443.45
07/30/2008,448.39
07/31/2008,447.42
08/01/2008,447.37
08/04/2008,439.49
08/05/2008,429.78
08/06/2008,431.43
08/07/2008,446.85
08/08/2008,441.79
08/11/2008,454.87
08/12/2008,464.09
08/13/2008,460.28
08/14/2008,470.14
08/15/2008,488.81
08/18/2008,504.14
08/19/2008,520.51
08/20/2008,497.75
08/21/2008,512.54
08/22/2008,535.99
08/25/2008,544.75
08/26/2008,568.36
08/27/2008,568.91
08/28/2008,549.84
08/29/2008,533.1
09/03/2008,552.6
09/04/2008,556.61
09/05/2008,551.35
09/08/2008,527.84
09/09/2008,532.89
09/10/2008,530.01
09/11/2008,499.03
09/12/2008,477.36
09/15/2008,470.38
09/16/2008,466.16
09/17/2008,436.24
09/18/2008,417
09/19/2008,434.14
09/22/2008,459.64
09/23/2008,455.62
09/24/2008,461.19
09/25/2008,459.06
09/26/2008,490.26
09/29/2008,476.72
09/30/2008,457.26
10/01/2008,463.26
10/02/2008,466.11
10/03/2008,449.44
10/06/2008,436.7
10/07/2008,413.63
10/08/2008,397.2
10/09/2008,389.98
10/10/2008,379.1
10/13/2008,377.77
10/14/2008,381.94
10/15/2008,399.86
10/16/2008,380.44
10/17/2008,385.77
10/20/2008,377.2
10/21/2008,378.85
10/22/2008,370.48
10/23/2008,361.21
10/24/2008,346.51
10/27/2008,329.43
10/28/2008,313.63
10/29/2008,336.75
10/30/2008,330.29
10/31/2008,343.22
11/03/2008,347.73
11/04/2008,349.04
11/05/2008,377.79
11/06/2008,371.58
11/07/2008,366.25
11/10/2008,368.38
11/11/2008,355.5
11/12/2008,339.01
11/13/2008,334.51
11/14/2008,357.75
11/17/2008,346.89
11/18/2008,338.61
11/19/2008,342.93
11/20/2008,326.56
11/21/2008,315.5
11/24/2008,322.79
11/25/2008,320.14
11/26/2008,318.19
11/27/2008,308.57
11/28/2008,311.36
12/01/2008,313.33
12/02/2008,305.95
12/03/2008,307.9
12/04/2008,306.44
12/05/2008,303.83
12/08/2008,291.83
12/09/2008,285.56
12/10/2008,290.05
12/11/2008,285.56
12/12/2008,295.51
12/15/2008,308.02
12/16/2008,305.65
12/17/2008,295.04
12/18/2008,301.34
12/19/2008,305.51
12/22/2008,314.36
12/23/2008,303.79
12/24/2008,298.78
12/25/2008,304.29
12/26/2008,300.91
12/29/2008,306.45
12/30/2008,310.61
12/31/2008,318.36
01/02/2009,312.49
01/05/2009,308.77
01/06/2009,312.91
01/07/2009,320.4
01/08/2009,315.92
01/09/2009,313.75
01/12/2009,311.24
01/13/2009,308.57
01/14/2009,306.14
01/15/2009,304.31
01/16/2009,305.72
01/19/2009,305.89
01/20/2009,303.11
01/21/2009,300.92
01/22/2009,300.68
01/23/2009,300.38
02/02/2009,301.12
02/03/2009,291.6
02/04/2009,286.83
02/05/2009,284.34
02/06/2009,279.74
02/09/2009,285.55
02/10/2009,282.82
02/11/2009,275.06
02/12/2009,275.37
02/13/2009,274.21
02/16/2009,274.86
02/17/2009,268.76
02/18/2009,255.18
02/19/2009,257.31
02/20/2009,252.42
02/23/2009,247.04
02/24/2009,236.57
02/25/2009,241.9
02/26/2009,241.78
02/27/2009,239.75
03/02/2009,244.23
03/03/2009,241.79
03/04/2009,243.07
03/05/2009,249.69
03/06/2009,244.6
03/09/2009,246.99
03/10/2009,249.71
03/11/2009,258.42
03/12/2009,251.87
03/13/2009,252.55
03/16/2009,252.68
03/17/2009,257.6
03/18/2009,273.29
03/19/2009,272.81
03/20/2009,264.76
03/23/2009,264.86
03/24/2009,271.17
03/25/2009,270.03
03/26/2009,285.25
03/27/2009,292.64
03/30/2009,281.44
03/31/2009,278.53
04/01/2009,282.07
04/02/2009,293.95
04/03/2009,306.61
04/07/2009,313.72
04/08/2009,316.65
04/09/2009,316.73
04/10/2009,323.73
04/13/2009,334.43
04/14/2009,344.19
04/15/2009,344.09
04/16/2009,346.19
04/17/2009,341.19
04/20/2009,319.21
04/21/2009,309.84
04/22/2009,313.87
04/23/2009,320.49
04/24/2009,308.62
04/27/2009,315.61
04/28/2009,310.44
04/29/2009,315.67
05/04/2009,336.31
05/05/2009,352.49
05/06/2009,355.18
05/07/2009,357.99
05/08/2009,363.92
05/11/2009,371.33
05/12/2009,374.11
05/13/2009,381.64
05/14/2009,373.37
05/15/2009,379.37
05/18/2009,390.36
05/19/2009,399.64
05/20/2009,402.37
05/21/2009,410.9
05/22/2009,408.26
05/25/2009,409.45
05/26/2009,425.08
05/27/2009,426.51
05/28/2009,421.88
05/29/2009,419.43
06/01/2009,418.75
06/02/2009,436.04
06/03/2009,443.22
06/04/2009,446.18
06/05/2009,464.66
06/08/2009,488.98
06/09/2009,503.65
06/10/2009,509.11
06/11/2009,499.68
06/12/2009,520.28
06/15/2009,506
06/16/2009,477.52
06/17/2009,465.32
06/18/2009,476.56
06/19/2009,485.82
06/22/2009,461.98
06/23/2009,442.46
06/24/2009,440.7
06/25/2009,471.37
06/26/2009,453.47
06/29/2009,461.99
06/30/2009,462.51
07/01/2009,439.58
07/02/2009,427.89
07/03/2009,425.11
07/06/2009,442.4
07/07/2009,450.48
07/08/2009,442.99
07/09/2009,450.12
07/10/2009,445.82
07/13/2009,435.83
07/14/2009,425.09
07/15/2009,424.1
07/16/2009,438.07
07/17/2009,431.94
07/20/2009,413.78
07/21/2009,412.97
07/22/2009,423.4
07/23/2009,417.65
07/24/2009,444.96
07/27/2009,462.25
07/28/2009,467.34
07/29/2009,464.39
07/30/2009,451.8
07/31/2009,457.55
08/03/2009,466.82
08/04/2009,475.09
08/05/2009,474.38
08/06/2009,481.61
08/07/2009,480.42
08/10/2009,485.92
08/11/2009,490.96
08/12/2009,498.76
08/13/2009,501.99
08/14/2009,503.7
08/17/2009,505.49
08/18/2009,496.79
08/19/2009,505
08/20/2009,513.84
08/21/2009,522.11
08/24/2009,522.15
08/25/2009,532.01
08/26/2009,529.97
08/27/2009,527.13
08/28/2009,533.61
08/31/2009,541.89
09/01/2009,545.05
09/03/2009,541
09/04/2009,543.01
09/07/2009,528.16
09/08/2009,529.96
09/09/2009,539.9
09/10/2009,535.52
09/11/2009,548.99
09/14/2009,551.7
09/15/2009,558.43
09/16/2009,560.46
09/17/2009,559.35
09/18/2009,561.66
09/21/2009,578.32
09/22/2009,578.64
09/23/2009,587.4
09/24/2009,576.83
09/25/2009,574.1
09/28/2009,585.83
09/29/2009,582.08
09/30/2009,583.16
10/01/2009,581.8
10/02/2009,552.97
10/05/2009,553.21
10/06/2009,554.08
10/07/2009,560.79
10/08/2009,570.46
10/09/2009,575.39
10/12/2009,588.68
10/13/2009,594.2
10/14/2009,590.84
10/15/2009,612.02
10/16/2009,616.44
10/19/2009,609.03
10/20/2009,615.27
10/21/2009,617.14
10/22/2009,619.53
10/23/2009,626.14
10/26/2009,615.58
10/27/2009,602.61
10/28/2009,602.97
10/29/2009,584.58
10/30/2009,590.85
11/02/2009,565.85
11/03/2009,557.05
11/04/2009,537.82
11/05/2009,545.59
11/06/2009,565.7
11/09/2009,544.91
11/10/2009,534.78
11/11/2009,526.29
11/12/2009,541.36
11/13/2009,540.64
11/16/2009,550.97
11/17/2009,549.18
11/18/2009,547.17
11/19/2009,556.46
11/20/2009,558.49
11/23/2009,551.92
11/24/2009,535.59
11/25/2009,519.74
11/26/2009,495.6
11/27/2009,464.72
11/30/2009,494.12
12/01/2009,513.42
12/02/2009,507.47
12/03/2009,494.61
12/04/2009,499.87
12/07/2009,495.43
12/08/2009,494.64
12/09/2009,473.31
12/10/2009,474.55
12/11/2009,450.6
12/14/2009,449.25
12/15/2009,458.44
12/16/2009,452.17
12/17/2009,432.42
12/18/2009,440.88
12/21/2009,457.08
12/22/2009,468.03
12/23/2009,464.13
12/24/2009,469.21
12/25/2009,487.92
12/28/2009,490.68
12/29/2009,487.56
12/30/2009,483.07
12/31/2009,502.84
01/04/2010,501.74
01/05/2010,538.82
01/06/2010,527.4
01/07/2010,536.78
01/08/2010,540.95
01/11/2010,522.78
01/12/2010,511.24
01/13/2010,495.72
01/14/2010,516.44
01/15/2010,509.19
01/18/2010,499.24
01/19/2010,489.84
01/20/2010,498.93
01/21/2010,481.97
01/22/2010,474.1
01/25/2010,476.75
01/26/2010,490.12
01/27/2010,496.86
01/28/2010,484.67
01/29/2010,481.49
02/01/2010,482.93
02/02/2010,489.62
02/03/2010,490.32
02/04/2010,496.25
02/05/2010,495.67
02/08/2010,488.86
02/09/2010,486.97
02/10/2010,486.86
02/11/2010,492.99
02/12/2010,505.34
02/22/2010,513.17
02/23/2010,504.52
02/24/2010,492.89
02/25/2010,497.5
02/26/2010,494.31
03/01/2010,502.57
03/02/2010,503.98
03/03/2010,505.04
03/04/2010,510.93
03/05/2010,512.72
03/08/2010,517
03/09/2010,520.86
03/10/2010,526.21
03/11/2010,526.93
03/12/2010,528.9
03/15/2010,538.01
03/16/2010,526.06
03/17/2010,519.9
03/18/2010,515.24
03/19/2010,520.14
03/22/2010,515.71
03/23/2010,512.21
03/24/2010,511.05
03/25/2010,507.85
03/26/2010,505.51
03/29/2010,506.7
03/30/2010,504.71
03/31/2010,501.85
04/01/2010,500.37
04/02/2010,510.38
04/05/2010,514.17
04/06/2010,517.48
04/07/2010,516.28
04/08/2010,515.72
04/09/2010,517.06
04/12/2010,522.12
04/13/2010,521.04
04/14/2010,518.57
04/15/2010,521.01
04/16/2010,523.72
04/19/2010,521.35
04/20/2010,517.36
04/21/2010,517.54
04/22/2010,521.9
04/26/2010,531.69
04/27/2010,532.68
04/28/2010,536.08
04/29/2010,541.44
05/04/2010,544.52
05/05/2010,548.75
05/06/2010,549.19
05/07/2010,548.22
05/10/2010,541.49
05/11/2010,537.85
05/12/2010,527.52
05/13/2010,521.93
05/14/2010,522.92
05/17/2010,521.3
05/18/2010,510.49
05/19/2010,503.66
05/20/2010,481.8
05/21/2010,484.34
05/24/2010,485.1
05/25/2010,484.91
05/26/2010,491.45
05/27/2010,491.63
05/28/2010,509.47
05/31/2010,510.54
06/01/2010,505.18
06/02/2010,505.18
06/03/2010,516.15
06/04/2010,511.85
06/07/2010,498.94
06/08/2010,494.12
06/09/2010,500.12
06/10/2010,496.86
06/11/2010,505.07
06/14/2010,506.55
06/15/2010,509.3
06/16/2010,510.35
06/17/2010,510.25
06/18/2010,511.93
06/21/2010,515.08
06/22/2010,512.79
06/23/2010,510.27
06/24/2010,513.57
06/25/2010,506.17
06/28/2010,505.37
06/29/2010,509.84
06/30/2010,501.19
07/01/2010,504.11
07/02/2010,505.15
07/05/2010,505.67
07/06/2010,505.75
07/07/2010,502.5
07/08/2010,502.06
07/09/2010,499.05
07/12/2010,499.83
07/13/2010,505.42
07/14/2010,512.22
07/15/2010,505.84
07/16/2010,505.47
07/19/2010,504.25
07/20/2010,507.04
07/21/2010,507.16
07/22/2010,503.13
07/23/2010,502.79
07/26/2010,501.2
07/27/2010,499.03
07/28/2010,497.4
07/29/2010,488.92
07/30/2010,491.3
08/02/2010,494.79
08/03/2010,493.4
08/04/2010,490.31
08/05/2010,488.75
08/06/2010,485.22
08/09/2010,482.65
08/10/2010,468.84
08/11/2010,463.08
08/12/2010,457.54
08/13/2010,441.1
08/16/2010,458.09
08/17/2010,461.89
08/18/2010,461.76
08/19/2010,454.5
08/20/2010,452.06
08/23/2010,453.06
08/24/2010,441.73
08/25/2010,427.01
08/26/2010,425.54
08/27/2010,423.1
08/30/2010,439.27
08/31/2010,447.86
09/01/2010,456.48
09/06/2010,463.94
09/07/2010,463.35
09/08/2010,454.25
09/09/2010,462.53
09/10/2010,463.48
09/13/2010,448.97
09/14/2010,450.95
09/15/2010,449.07
09/16/2010,445.69
09/17/2010,451.5
09/20/2010,462.01
09/21/2010,457.73
09/22/2010,453.01
09/23/2010,451.41
09/24/2010,449.13
09/27/2010,451.17
09/28/2010,452.07
09/29/2010,457.99
09/30/2010,452.71
10/01/2010,454.41
10/04/2010,452.38
10/05/2010,440.91
10/06/2010,452.88
10/07/2010,461.99
10/08/2010,459.26
10/11/2010,457.41
10/12/2010,457.19
10/13/2010,453.23
10/14/2010,459.79
10/15/2010,457.07
10/18/2010,458.44
10/19/2010,458.44
10/20/2010,450.79
10/21/2010,442.09
10/22/2010,444.84
10/25/2010,444.66
10/26/2010,450.23
10/27/2010,455.23
10/28/2010,448.62
10/29/2010,450.5
11/01/2010,451.81
11/02/2010,448.62
11/03/2010,445.33
11/04/2010,444.13
11/05/2010,452.41
11/08/2010,457.5
11/09/2010,455.58
11/10/2010,447.72
11/11/2010,451.24
11/12/2010,444.78
11/15/2010,440.61
11/16/2010,431.08
11/17/2010,426.89
11/18/2010,427.74
11/19/2010,434.39
11/22/2010,426.51
11/23/2010,426.19
11/24/2010,430.45
11/25/2010,434.7
11/26/2010,441.88
11/29/2010,437.92
11/30/2010,450.15
12/01/2010,451.02
12/02/2010,450.09
12/03/2010,462.3
12/06/2010,467.3
12/07/2010,461.71
12/08/2010,459.41
12/09/2010,450.59
12/10/2010,464.81
12/13/2010,485.82
12/14/2010,493.72
12/15/2010,492.8
12/16/2010,484.71
12/17/2010,483
12/20/2010,487.55
12/21/2010,471.17
12/22/2010,488.31
12/23/2010,481.71
12/24/2010,474.16
12/27/2010,475.72
12/28/2010,471.73
12/29/2010,480.53
12/30/2010,477.2
12/31/2010,480.93
01/04/2011,485.72
01/05/2011,487.94
01/06/2011,480.86
01/07/2011,482.77
01/10/2011,483.71
01/11/2011,477.97
01/12/2011,480.82
01/13/2011,479.95
01/14/2011,487.06
01/17/2011,492.89
01/18/2011,497.05
01/19/2011,504.93
01/20/2011,510.17
01/21/2011,518.32
01/24/2011,525.7
01/25/2011,504.06
01/26/2011,498.24
01/27/2011,501.25
01/28/2011,502.77
02/08/2011,515.7
02/09/2011,528.69
02/10/2011,523.25
02/11/2011,522.79
02/14/2011,520.73
02/15/2011,509.28
02/16/2011,519.55
02/17/2011,510.69
02/18/2011,509.1
02/21/2011,497.71
02/22/2011,467.4
02/23/2011,468.97
02/24/2011,462.43
02/25/2011,460.57
02/28/2011,467.12
03/01/2011,458.21
03/02/2011,464.27
03/03/2011,449.78
03/04/2011,454.73
03/07/2011,465.21
03/08/2011,471.78
03/09/2011,474.8
03/10/2011,467.54
03/11/2011,490.13
03/14/2011,491.95
03/15/2011,470.47
03/16/2011,467.17
03/17/2011,461.48
03/18/2011,459.4
03/21/2011,467.17
03/22/2011,470.22
03/23/2011,464
03/24/2011,465.12
03/25/2011,461.21
03/28/2011,458.35
03/29/2011,460.68
03/30/2011,455.93
03/31/2011,462.27
04/01/2011,460.8
04/04/2011,459.95
04/05/2011,458.19
04/06/2011,458.51
04/07/2011,464.72
04/08/2011,462.51
04/13/2011,464.21
04/14/2011,459.87
04/15/2011,462.17
04/18/2011,458.39
04/19/2011,453.59
04/20/2011,454.57
04/21/2011,458.38
04/22/2011,460.89
04/25/2011,458.99
04/26/2011,463.77
04/27/2011,465.98
04/28/2011,472.17
04/29/2011,477.43
05/04/2011,483.3
05/05/2011,485.96
05/06/2011,472.52
05/09/2011,469.01
05/10/2011,479.01
05/11/2011,479.07
05/12/2011,483.1
05/13/2011,482.01
05/16/2011,479.01
05/17/2011,471.49
05/18/2011,458.44
05/19/2011,450.92
05/20/2011,444.85
05/23/2011,430.47
05/24/2011,407.16
05/25/2011,388.64
05/26/2011,386.36
05/27/2011,406.75
05/30/2011,417.07
05/31/2011,414.98
06/01/2011,422.98
06/02/2011,446.66
06/03/2011,461.85
06/06/2011,434.97
06/07/2011,443.11
06/08/2011,445.43
06/09/2011,439.82
06/10/2011,446.54
06/13/2011,443.49
06/14/2011,441.09
06/15/2011,442.85
06/16/2011,439.58
06/17/2011,445.88
06/20/2011,438.13
06/21/2011,432.81
06/22/2011,444.28
06/23/2011,436.85
06/24/2011,436.17
06/27/2011,436.95
06/28/2011,432.31
06/29/2011,434.6
06/30/2011,435.21
07/01/2011,429.91
07/04/2011,425.04
07/05/2011,427.54
07/06/2011,432.15
07/07/2011,426.64
07/08/2011,428.81
07/11/2011,429.41
07/12/2011,422.13
07/13/2011,422.17
07/14/2011,418.07
07/15/2011,419.82
07/18/2011,412.9
07/19/2011,414.4
07/20/2011,410.2
07/21/2011,416.24
07/22/2011,412.97
07/25/2011,409.11
07/26/2011,408.93
07/27/2011,409.54
07/28/2011,409.18
07/29/2011,407.58
08/01/2011,404.84
08/02/2011,398.92
08/03/2011,393.6
08/04/2011,392.93
08/05/2011,394.83
08/08/2011,399.24
08/09/2011,388.78
08/10/2011,388.61
08/11/2011,381
08/12/2011,385.16
08/15/2011,384.47
08/16/2011,383.66
08/17/2011,387.65
08/18/2011,398.21
08/19/2011,399.98
08/22/2011,401.87
08/23/2011,405.19
08/24/2011,403.21
08/25/2011,398.46
08/26/2011,403.21
08/29/2011,405.89
08/30/2011,421.81
08/31/2011,421.45
09/01/2011,429.49
09/05/2011,438.35
09/06/2011,434.02
09/07/2011,444.4
09/08/2011,450.4
09/09/2011,452.94
09/12/2011,461.14
09/13/2011,469.5
09/14/2011,469.33
09/15/2011,462.72
09/16/2011,470.87
09/19/2011,450.21
09/20/2011,459.32
09/21/2011,451.99
09/22/2011,443.3
09/23/2011,439.61
09/26/2011,436.63
09/27/2011,434.02
09/28/2011,441.53
09/29/2011,431.8
09/30/2011,426.13
10/03/2011,426.43
10/04/2011,417.46
10/05/2011,420.74
10/06/2011,417.94
10/07/2011,423.46
10/10/2011,416.77
10/11/2011,421
10/12/2011,414.41
10/13/2011,411.17
10/14/2011,413.12
10/17/2011,415.52
10/18/2011,407.44
10/19/2011,404.32
10/20/2011,402.86
10/21/2011,405.44
10/24/2011,415.9
10/25/2011,416.06
10/26/2011,410.42
10/27/2011,414.08
10/28/2011,418.83
10/31/2011,426.89
11/01/2011,418.77
11/02/2011,410.02
11/03/2011,408.18
11/04/2011,411.22
11/07/2011,409.78
11/08/2011,408.36
11/09/2011,409.19
11/10/2011,402.47
11/11/2011,401.16
11/14/2011,397.52
11/15/2011,387.87
11/16/2011,389.25
11/17/2011,390.91
11/18/2011,383.14
11/21/2011,380.4
11/22/2011,377.46
11/23/2011,385.15
11/24/2011,387.26
11/25/2011,381.78
11/28/2011,386.04
11/29/2011,385.78
11/30/2011,381.88
12/01/2011,380.47
12/02/2011,380.92
12/05/2011,385.82
12/06/2011,392.95
12/07/2011,389.15
12/08/2011,387.02
12/09/2011,376.64
12/12/2011,376.97
12/13/2011,374.11
12/14/2011,371.75
12/15/2011,364.14
12/16/2011,364.37
12/19/2011,365.71
12/20/2011,365.5
12/21/2011,368
12/22/2011,366.68
12/23/2011,352.48
12/26/2011,356.15
12/27/2011,348.42
12/28/2011,347.59
12/29/2011,349.06
12/30/2011,351.83
01/03/2012,351.37
01/04/2012,349.22
01/05/2012,346.42
01/06/2012,340.19
01/09/2012,334.93
01/10/2012,336.84
01/11/2012,347.98
01/12/2012,347.78
01/13/2012,349.31
01/16/2012,356.77
01/17/2012,357.52
01/18/2012,360.81
01/19/2012,363.15
01/20/2012,378.07
01/30/2012,375.1
01/31/2012,390.43
02/01/2012,388.7
02/02/2012,393.89
02/03/2012,408.95
02/06/2012,402.36
02/07/2012,400.43
02/08/2012,403.8
02/09/2012,413.07
02/10/2012,410.11
02/13/2012,402.37
02/14/2012,391.08
02/15/2012,398.39
02/16/2012,395.2
02/17/2012,398.1
02/20/2012,409.83
02/21/2012,421.81
02/22/2012,410.63
02/23/2012,419.49
02/24/2012,427.1
02/27/2012,426.03
02/28/2012,429.26
02/29/2012,420.02
03/01/2012,426.48
03/02/2012,432.32
03/05/2012,452.2
03/06/2012,465.63
03/07/2012,442.87
03/08/2012,436.44
03/09/2012,431.22
03/12/2012,429.58
03/13/2012,429.73
03/14/2012,435.73
03/15/2012,433.47
03/16/2012,449.66
03/19/2012,435.17
03/20/2012,438.07
03/21/2012,443.43
03/22/2012,442.77
03/23/2012,449.66
03/26/2012,454.1
03/27/2012,459.26
03/28/2012,443.2
03/29/2012,449.01
03/30/2012,439.63
04/03/2012,440.95
04/04/2012,446.02
04/05/2012,439.77
04/06/2012,447.08
04/09/2012,447.44
04/10/2012,451.01
04/11/2012,456.03
04/12/2012,458.74
04/13/2012,465.26
04/16/2012,465.05
04/17/2012,471.54
04/18/2012,475.1
04/19/2012,470.81
04/20/2012,467.08
04/23/2012,466.08
04/24/2012,465.67
04/25/2012,471.39
04/26/2012,472.82
04/27/2012,470.21
05/02/2012,476.02
05/03/2012,470.54
05/04/2012,470.53
05/07/2012,481.95
05/08/2012,488.6
05/09/2012,488.19
05/10/2012,490.03
05/11/2012,487.68
05/14/2012,477.73
05/15/2012,462.97
05/16/2012,455.75
05/17/2012,449.77
05/18/2012,439.69
05/21/2012,438.53
05/22/2012,451.32
05/23/2012,443.6
05/24/2012,431.39
05/25/2012,432.62
05/28/2012,443.24
05/29/2012,431.75
05/30/2012,433.29
05/31/2012,431.84
06/01/2012,430.75
06/04/2012,426.91
06/05/2012,413.96
06/06/2012,421.09
06/07/2012,431.14
06/08/2012,439.02
06/11/2012,432.15
06/12/2012,432.89
06/13/2012,429.73
06/14/2012,425.74
06/15/2012,425.62
06/18/2012,436.89
06/19/2012,434.04
06/20/2012,431.8
06/21/2012,432.27
06/22/2012,429.95
06/25/2012,426.54
06/26/2012,421.17
06/27/2012,419.78
06/28/2012,418.04
06/29/2012,420.76
07/02/2012,421.94
07/03/2012,416.47
07/04/2012,413.41
07/05/2012,410.85
07/06/2012,414.01
07/09/2012,413.59
07/10/2012,406.4
07/11/2012,405.29
07/12/2012,408.16
07/13/2012,409.85
07/16/2012,417.54
07/17/2012,411.72
07/18/2012,418.19
07/19/2012,417.77
07/20/2012,432.1
07/23/2012,423.31
07/24/2012,420.19
07/25/2012,412.94
07/26/2012,413.78
07/27/2012,416.43
07/30/2012,410.57
07/31/2012,415.7
08/01/2012,413.73
08/02/2012,414.23
08/03/2012,417.63
08/06/2012,419.29
08/07/2012,423.72
08/08/2012,422.74
08/09/2012,424.43
08/10/2012,427.49
08/13/2012,423.79
08/14/2012,425.79
08/15/2012,429.96
08/16/2012,432.25
08/17/2012,430.83
08/20/2012,435.33
08/21/2012,430.79
08/22/2012,404.22
08/23/2012,400.03
08/24/2012,379.45
08/27/2012,395.36
08/28/2012,381.06
08/29/2012,389.85
08/30/2012,394.9
08/31/2012,396.88
09/04/2012,397.37
09/05/2012,403
09/06/2012,396.41
09/07/2012,395.25
09/10/2012,395.72
09/11/2012,383.87
09/12/2012,387.95
09/13/2012,388.55
09/14/2012,398.13
09/17/2012,400.55
09/18/2012,403.48
09/19/2012,391.05
09/20/2012,393.05
09/21/2012,391
09/24/2012,392.16
09/25/2012,391.17
09/26/2012,392.51
09/27/2012,395.66
09/28/2012,392.11
10/01/2012,391.74
10/02/2012,386.78
10/03/2012,385.61
10/04/2012,385.68
10/05/2012,384.78
10/08/2012,387.83
10/09/2012,394.36
10/10/2012,393.43
10/11/2012,395.32
10/12/2012,394.17
10/15/2012,392.88
10/16/2012,392.6
10/17/2012,399.22
10/18/2012,395.94
10/19/2012,399.52
10/22/2012,397.77
10/23/2012,397.27
10/24/2012,397.69
10/25/2012,393.79
10/26/2012,390.05
10/29/2012,390.96
10/30/2012,391.13
10/31/2012,388.5
11/01/2012,388.1
11/02/2012,378.74
11/05/2012,372.39
11/06/2012,377.27
11/07/2012,377.83
11/08/2012,380.32
11/09/2012,385.61
11/12/2012,386.71
11/13/2012,387.52
11/14/2012,384.74
11/15/2012,389.84
11/16/2012,385.83
11/19/2012,384.83
11/20/2012,383.23
11/21/2012,385.18
11/22/2012,383.44
11/23/2012,383.22
11/26/2012,382.43
11/27/2012,377.77
11/28/2012,376.13
11/29/2012,377.45
11/30/2012,380.01
12/03/2012,377.94
12/04/2012,379.02
12/05/2012,382.1
12/06/2012,385.59
12/07/2012,386.44
12/10/2012,384.84
12/11/2012,386.25
12/12/2012,388.41
12/13/2012,393.04
12/14/2012,392.23
12/17/2012,391.37
12/18/2012,396.21
12/19/2012,395.84
12/20/2012,399.13
12/21/2012,397.49
12/24/2012,397.25
12/25/2012,401.01
12/26/2012,399.43
12/27/2012,408.32
12/28/2012,409.49
01/02/2013,415.5
01/03/2013,419.51
01/04/2013,418.75
01/07/2013,428.53
01/08/2013,437.25
01/09/2013,447.16
01/10/2013,447.99
01/11/2013,468.39
01/14/2013,458.08
01/15/2013,459.24
01/16/2013,462.17
01/17/2013,465.66
01/18/2013,458.21
01/21/2013,453.91
01/22/2013,449.01
01/23/2013,443.96
01/24/2013,444.34
01/25/2013,455.28
01/28/2013,474.27
01/29/2013,478.02
01/30/2013,486.67
01/31/2013,484.04
02/01/2013,477.11
02/04/2013,487.06
02/05/2013,481.82
02/06/2013,479.62
02/07/2013,490.88
02/08/2013,491.85
02/18/2013,497.87
02/19/2013,493.4
02/20/2013,487.99
02/21/2013,494.83
02/22/2013,482.03
02/25/2013,481.67
02/26/2013,482.5
02/27/2013,465.89
02/28/2013,465.72
03/01/2013,476.51
03/04/2013,477.04
03/05/2013,467.36
03/06/2013,466.96
03/07/2013,470.73
03/08/2013,468.1
03/11/2013,471.29
03/12/2013,475.23
03/13/2013,476.43
03/14/2013,471.63
03/15/2013,474.99
03/18/2013,481.53
03/19/2013,478.45
03/20/2013,481.88
03/21/2013,488.64
03/22/2013,492.88
03/25/2013,491.76
03/26/2013,494.19
03/27/2013,489.3
03/28/2013,491.64
03/29/2013,487.01
04/01/2013,490.66
04/02/2013,507.31
04/03/2013,509.29
04/04/2013,505.54
04/05/2013,501.16
04/08/2013,505
04/09/2013,505.09
04/10/2013,512.15
04/11/2013,501.39
04/12/2013,505.37
04/15/2013,491.65
04/16/2013,475.07
04/17/2013,482.17
04/18/2013,483.99
04/22/2013,471.81
04/23/2013,470.59
04/24/2013,474.48
04/25/2013,474.87
04/26/2013,477.04
05/02/2013,474.54
05/03/2013,471.14
05/06/2013,478.94
05/07/2013,489.35
05/08/2013,486.74
05/09/2013,485.44
05/10/2013,488.1
05/13/2013,486.96
05/14/2013,486.94
05/15/2013,482.82
05/16/2013,486
05/17/2013,489.99
05/20/2013,487.61
05/21/2013,496.09
05/22/2013,503.23
05/23/2013,501.15
05/24/2013,498.77
05/27/2013,504.38
05/28/2013,515.62
05/29/2013,517.91
05/30/2013,517.18
05/31/2013,526.58
06/03/2013,518.3
06/04/2013,517.03
06/05/2013,512.37
06/06/2013,513.43
06/07/2013,523.21
06/10/2013,530.97
06/11/2013,525.2
06/12/2013,521.21
06/13/2013,518.28
06/14/2013,517.14
06/17/2013,510.52
06/18/2013,497.06
06/19/2013,501.58
06/20/2013,502.22
06/21/2013,497.3
06/24/2013,500.44
06/25/2013,487.04
06/26/2013,473.26
06/27/2013,476.33
06/28/2013,484.84
07/01/2013,478.98
07/02/2013,480.72
07/03/2013,489.84
07/04/2013,489.23
07/05/2013,488.06
07/08/2013,485.24
07/09/2013,483.96
07/10/2013,487.81
07/11/2013,484.38
07/12/2013,485.14
07/15/2013,496.12
07/16/2013,494.66
07/17/2013,496.38
07/18/2013,495.68
07/19/2013,499.64
07/22/2013,505.11
07/23/2013,506.16
07/24/2013,503.67
07/25/2013,493.75
07/26/2013,493.5
07/29/2013,493.81
07/30/2013,485.78
07/31/2013,488.1
08/01/2013,490.9
08/02/2013,493.33
08/05/2013,494.38
08/06/2013,492.69
08/07/2013,496.95
08/08/2013,499.53
08/09/2013,498.88
08/12/2013,501.04
08/13/2013,499.46
08/14/2013,498.51
08/15/2013,505.03
08/16/2013,508.22
08/19/2013,507.27
08/20/2013,509.59
08/21/2013,504.77
08/22/2013,499.82
08/23/2013,496.12
08/26/2013,485.26
08/27/2013,488.23
08/28/2013,482.48
08/29/2013,473.33
08/30/2013,469.64
09/03/2013,473.56
09/04/2013,472.77
09/05/2013,473.62
09/06/2013,479.18
09/09/2013,474.6
09/10/2013,470.16
09/11/2013,474.53
09/12/2013,474.97
09/13/2013,475.11
09/16/2013,478.32
09/17/2013,476.21
09/18/2013,478.65
09/19/2013,477.99
09/20/2013,476.12
09/23/2013,476.79
09/24/2013,478.88
09/25/2013,482.41
09/26/2013,486.28
09/27/2013,484.68
09/30/2013,487.12
10/01/2013,491.92
10/02/2013,492.58
10/03/2013,495
10/04/2013,492.17
10/07/2013,497.45
10/08/2013,500.53
10/09/2013,501.28
10/10/2013,500.34
10/11/2013,496.71
10/14/2013,494.31
10/15/2013,493.03
10/16/2013,495.59
10/17/2013,501.88
10/18/2013,499.89
10/21/2013,501.8
10/22/2013,500.94
10/23/2013,501.41
10/24/2013,503.47
10/25/2013,502.8
10/28/2013,501.27
10/29/2013,494.66
10/30/2013,498
10/31/2013,500.04
11/01/2013,499.21
11/04/2013,497.25
11/05/2013,497.38
11/06/2013,500.83
11/07/2013,501.4
11/08/2013,498.8
11/11/2013,498.03
11/12/2013,500.81
11/13/2013,496.9
11/14/2013,496.67
11/15/2013,497.88
11/18/2013,503.33
11/19/2013,505.45
11/20/2013,504.68
11/21/2013,507
11/22/2013,504.52
11/25/2013,506.94
11/26/2013,506.98
11/27/2013,510.96
11/28/2013,508.53
11/29/2013,507.42
12/02/2013,509.13
12/03/2013,508.13
12/04/2013,512.01
12/05/2013,510.39
12/06/2013,510.03
12/09/2013,514.13
12/10/2013,512.1
12/11/2013,511.7
12/12/2013,503.77
12/13/2013,507.07
12/16/2013,503.46
12/17/2013,503.24
12/18/2013,505.1
12/19/2013,505.9
12/20/2013,507.39
12/23/2013,506.6
12/24/2013,508.61
12/25/2013,506.37
12/26/2013,504.41
12/27/2013,507.08
12/30/2013,506.35
12/31/2013,500.04
01/02/2014,505.61
01/03/2014,504.41
01/06/2014,505.74
01/07/2014,510.84
01/08/2014,511.03
01/09/2014,513.66
01/10/2014,518.33
01/13/2014,519.31
01/14/2014,521.13
01/15/2014,523.72
01/16/2014,528.83
01/17/2014,536.81
01/20/2014,548.22
01/21/2014,555.72
01/22/2014,561.34
01/23/2014,550.88
01/24/2014,555.66
01/27/2014,560.45
02/06/2014,555.51
02/07/2014,557.71
02/10/2014,550.41
02/11/2014,559.74
02/12/2014,555.55
02/13/2014,567.58
02/14/2014,573.09
02/17/2014,571.91
02/18/2014,570.8
02/19/2014,578.53
02/20/2014,579.64
02/21/2014,570.95
02/24/2014,571.94
02/25/2014,575.49
02/26/2014,590.64
02/27/2014,587.82
02/28/2014,586.12
03/03/2014,586.65
03/04/2014,569.34
03/05/2014,569.97
03/06/2014,576.17
03/07/2014,579.4
03/10/2014,580.84
03/11/2014,585.1
03/12/2014,590.94
03/13/2014,590.83
03/14/2014,596.2
03/17/2014,603.05
03/18/2014,602.01
03/19/2014,600.73
03/20/2014,607.39
03/21/2014,600.26
03/24/2014,606.55
03/25/2014,609.01
03/26/2014,603.54
03/27/2014,588.94
03/28/2014,592.82
03/31/2014,594.29
04/01/2014,590.93
04/02/2014,584.17
04/03/2014,584.45
04/04/2014,589.9
04/07/2014,595.72
04/08/2014,600.71
04/10/2014,603.25
04/11/2014,597.87
04/14/2014,602.67
04/15/2014,596
04/16/2014,583.64
04/17/2014,580.39
04/18/2014,580.89
04/21/2014,564.21
04/22/2014,560.63
04/23/2014,569.83
04/24/2014,568.38
04/25/2014,571.71
04/28/2014,579.05
04/29/2014,570.64
05/05/2014,578.45
05/06/2014,561.86
05/07/2014,558.04
05/08/2014,550.75
05/09/2014,522.82
05/12/2014,536.82
05/13/2014,508.76
05/14/2014,510.16
05/15/2014,529.39
05/16/2014,522
05/19/2014,530.31
05/20/2014,531
05/21/2014,537.95
05/22/2014,543.35
05/23/2014,542.44
05/26/2014,541.43
05/27/2014,543.55
05/28/2014,554.32
05/29/2014,556.3
05/30/2014,558.78
06/02/2014,560.29
06/03/2014,557.34
06/04/2014,559.13
06/05/2014,552.2
06/06/2014,553.62
06/09/2014,559.04
06/10/2014,566.31
06/11/2014,567.77
06/12/2014,571.19
06/13/2014,573.58
06/16/2014,575.2
06/17/2014,571.8
06/18/2014,571.74
06/19/2014,564.93
06/20/2014,568.45
06/23/2014,561.97
06/24/2014,565.47
06/25/2014,570.33
06/26/2014,572.23
06/27/2014,576.29
06/30/2014,578.28
07/01/2014,578.93
07/02/2014,578.9
07/03/2014,581.24
07/04/2014,585.66
07/07/2014,592.23
07/08/2014,591.63
07/09/2014,591.82
07/10/2014,591.21
07/11/2014,584.29
07/14/2014,583.55
07/15/2014,587.92
07/16/2014,594.13
07/17/2014,588.99
07/18/2014,590.9
07/21/2014,598.11
07/22/2014,599.3
07/23/2014,599.56
07/24/2014,597.03
07/25/2014,603.54
07/28/2014,599.13
07/29/2014,590.57
07/30/2014,591.15
07/31/2014,589.35
08/01/2014,594.66
08/04/2014,592.04
08/05/2014,600.46
08/06/2014,607.95
08/07/2014,603.94
08/08/2014,607.18
08/11/2014,602.78
08/12/2014,600.52
08/13/2014,601.03
08/14/2014,605.03
08/15/2014,605.25
08/18/2014,605.42
08/19/2014,607.27
08/20/2014,604.3
08/21/2014,608.91
08/22/2014,614.51
08/25/2014,622.71
08/26/2014,627.13
08/27/2014,630.84
08/28/2014,627.41
08/29/2014,634.91
09/03/2014,640.69
09/04/2014,638.6
09/05/2014,640.63
09/08/2014,641.88
09/09/2014,640.5
09/10/2014,625.59
09/11/2014,629.77
09/12/2014,631.31
09/15/2014,633.86
09/16/2014,628.96
09/17/2014,630.48
09/18/2014,625.95
09/19/2014,615.86
09/22/2014,617.71
09/23/2014,611.75
09/24/2014,609.51
09/25/2014,604.31
09/26/2014,608.8
09/29/2014,605.03
09/30/2014,597.11
10/01/2014,603.5
10/02/2014,612.43
10/03/2014,613.38
10/06/2014,612.11
10/07/2014,614.16
10/08/2014,615.04
10/09/2014,622.25
10/10/2014,623.85
10/13/2014,615.77
10/14/2014,614.22
10/15/2014,603.73
10/16/2014,603.11
10/17/2014,585.95
10/20/2014,588.38
10/21/2014,590.17
10/22/2014,600.27
10/23/2014,598.87
10/24/2014,592.66
10/27/2014,590.33
10/28/2014,578.73
10/29/2014,585.68
10/30/2014,593.09
10/31/2014,591.12
11/03/2014,603.44
11/04/2014,601.55
11/05/2014,599.64
11/06/2014,599.2
11/07/2014,598.41
11/10/2014,604.75
11/11/2014,603.48
11/12/2014,605.14
11/13/2014,605.25
11/14/2014,601.69
11/17/2014,602.4
11/18/2014,600.86
11/19/2014,594.88
11/20/2014,592.17
11/21/2014,594.71
11/24/2014,585.08
11/25/2014,583.53
11/26/2014,587.58
11/27/2014,575.63
11/28/2014,570.61
12/01/2014,566.22
12/02/2014,570.44
12/03/2014,570.48
12/04/2014,576.63
12/05/2014,578.52
12/08/2014,577.44
12/09/2014,567.55
12/10/2014,550.35
12/11/2014,549.78
12/12/2014,547.69
12/15/2014,550.8
12/16/2014,545.33
12/17/2014,535.27
12/18/2014,522.9
12/19/2014,527.61
12/22/2014,527.28
12/23/2014,535.61
12/24/2014,540.46
12/25/2014,536.21
12/26/2014,531.84
12/29/2014,533.37
12/30/2014,531.07
12/31/2014,538.68
01/05/2015,545.43
01/06/2015,539.08
01/07/2015,548.44
01/08/2015,553.49
01/09/2015,555.53
01/12/2015,575.86
01/13/2015,573.26
01/14/2015,579.77
01/15/2015,577.01
01/16/2015,576.88
01/19/2015,576.5
01/20/2015,570.78
01/21/2015,573.54
01/22/2015,569.74
01/23/2015,578.22
01/26/2015,584.89
01/27/2015,580.45
01/28/2015,579.56
01/29/2015,584.18
01/30/2015,584.08
02/02/2015,576.07
02/03/2015,572.56
02/04/2015,556.93
02/05/2015,562.17
02/06/2015,569.03
02/09/2015,574.06
02/10/2015,575.74
02/11/2015,574.88
02/12/2015,582.52
02/13/2015,586.26
02/24/2015,590.18
02/25/2015,596.9
02/26/2015,593.95
02/27/2015,598
03/02/2015,591.75
03/03/2015,590.42
03/04/2015,598.49
03/05/2015,601.08
03/06/2015,596.42
03/09/2015,594.08
03/10/2015,586.38
03/11/2015,589.04
03/12/2015,585.89
03/13/2015,589.04
03/16/2015,583.26
03/17/2015,580.6
03/18/2015,580.81
03/19/2015,579.39
03/20/2015,572.57
03/23/2015,576.64
03/24/2015,569.33
03/25/2015,567.62
03/26/2015,556.12
03/27/2015,558.93
03/30/2015,551.75
03/31/2015,544.87
04/01/2015,550.8
04/02/2015,540.54
04/03/2015,548.69
04/06/2015,548.11
04/07/2015,542.71
04/08/2015,549.69
04/09/2015,547.26
04/10/2015,550.96
04/13/2015,556.35
04/14/2015,559.81
04/15/2015,558.94
04/16/2015,564.5
04/17/2015,568.28
04/20/2015,568.52
04/21/2015,563.78
04/22/2015,562.58
04/23/2015,562.85
04/24/2015,563.17
04/27/2015,567.77
05/04/2015,560.62
05/05/2015,544.8
05/06/2015,553.3
05/07/2015,548.51
05/08/2015,551.57
05/11/2015,554.5
05/12/2015,551.98
05/13/2015,545.5
05/14/2015,542.53
05/15/2015,543.61
05/18/2015,535.82
05/19/2015,530
05/20/2015,536.35
05/21/2015,550.99
05/22/2015,553.41
05/25/2015,560.8
05/26/2015,563.31
05/27/2015,564.64
05/28/2015,566.13
05/29/2015,572.73
06/01/2015,571.15
06/02/2015,575.7
06/03/2015,570.55
06/04/2015,568.01
06/05/2015,568.63
06/08/2015,581.2
06/09/2015,578.68
06/10/2015,576.06
06/11/2015,577.32
06/12/2015,582.54
06/15/2015,583.51
06/16/2015,587.76
06/17/2015,578.53
06/18/2015,578.73
06/19/2015,584.08
06/22/2015,588.33
06/23/2015,592.44
06/24/2015,592.19
06/25/2015,589.29
06/26/2015,586.04
06/29/2015,580.16
06/30/2015,588.77
07/01/2015,594.52
07/02/2015,591.5
07/03/2015,608.82
07/06/2015,618.75
07/07/2015,623.89
07/08/2015,630.4
07/09/2015,616.2
07/10/2015,627.56
07/13/2015,631.6
07/14/2015,635.55
07/15/2015,640.43
07/16/2015,627.32
07/17/2015,628.45
07/20/2015,624.84
07/21/2015,619.9
07/22/2015,614.56
07/23/2015,632.07
07/24/2015,633.27
07/27/2015,629.68
07/28/2015,636.58
07/29/2015,632
07/30/2015,625.46
07/31/2015,628.31
08/03/2015,617.12
08/04/2015,607.95
08/05/2015,600.68
08/06/2015,607.84
08/07/2015,601.57
08/10/2015,603.82
08/11/2015,615.17
08/12/2015,609.33
08/13/2015,603.31
08/14/2015,592.8
08/17/2015,588.67
08/18/2015,571.31
08/19/2015,576.44
08/20/2015,577.82
08/21/2015,559.34
08/24/2015,550.48
08/25/2015,511.13
08/26/2015,530.05
08/27/2015,551.89
08/28/2015,561.36
08/31/2015,573.1
09/01/2015,565.75
09/03/2015,559.32
09/04/2015,554.85
09/07/2015,557.07
09/08/2015,554.48
09/09/2015,574.06
09/10/2015,567.51
09/11/2015,572.14
09/14/2015,569.21
09/15/2015,564.38
09/16/2015,561.86
09/17/2015,563.93
09/18/2015,564.69
09/21/2015,566.74
09/22/2015,573.09
09/23/2015,570.64
09/24/2015,573.5
09/25/2015,570.41
09/28/2015,571.29
09/29/2015,559.83
09/30/2015,562.5
10/01/2015,563.39
10/02/2015,563.33
10/05/2015,564.58
10/06/2015,577.45
10/07/2015,583.97
10/08/2015,580.04
10/09/2015,590.91
10/12/2015,587.72
10/13/2015,589.09
10/14/2015,592.45
10/15/2015,591.36
10/16/2015,592.4
10/19/2015,593.87
10/20/2015,594.97
10/21/2015,590.43
10/22/2015,590.24
10/23/2015,598.55
10/26/2015,604.41
10/27/2015,597.8
10/28/2015,599.09
10/29/2015,599.32
10/30/2015,605.49
11/02/2015,607.93
11/03/2015,605.32
11/04/2015,614.29
11/05/2015,609.49
11/06/2015,615.54
11/09/2015,612.29
11/10/2015,609.3
11/11/2015,604.13
11/12/2015,602.02
11/13/2015,604.41
11/16/2015,609.77
11/17/2015,609.46
11/18/2015,603.32
11/19/2015,604.38
11/20/2015,602.11
11/23/2015,605.89
11/24/2015,599.81
11/25/2015,593.24
11/26/2015,593.12
11/27/2015,589.09
11/30/2015,581.39
12/01/2015,573.39
12/02/2015,571.01
12/03/2015,574.04
12/04/2015,574
12/07/2015,570.12
12/08/2015,561
12/09/2015,575.08
12/10/2015,564.86
12/11/2015,560.99
12/14/2015,564.14
12/15/2015,563.3
12/16/2015,570.36
12/17/2015,572.55
12/18/2015,574.66
12/21/2015,570.45
12/22/2015,567.88
12/23/2015,564.93
12/24/2015,566.65
12/25/2015,566.6
12/28/2015,570.57
12/29/2015,569.4
12/30/2015,576.5
12/31/2015,579.12
01/04/2016,579.03
01/05/2016,571.66
01/06/2016,569.5
01/07/2016,570.62
01/08/2016,562.62
01/11/2016,559.05
01/12/2016,557.36
01/13/2016,565.21
01/14/2016,555.88
01/15/2016,554.35
01/18/2016,532.54
01/19/2016,525.65
01/20/2016,532.81
01/21/2016,526.37
01/22/2016,525.35
01/25/2016,530.58
01/26/2016,534.06
01/27/2016,541.18
01/28/2016,542.01
01/29/2016,539.96
02/01/2016,545.27
02/02/2016,537.71
02/03/2016,531.11
02/04/2016,542.91
02/05/2016,540.64
02/15/2016,540.13
02/16/2016,545.72
02/17/2016,551.38
02/18/2016,550.51
02/19/2016,552.37
02/22/2016,555.31
02/23/2016,564.75
02/24/2016,559.48
02/25/2016,571.15
02/26/2016,565.61
02/29/2016,565.61
03/01/2016,560.03
03/02/2016,564.85
03/03/2016,573.06
03/04/2016,570.18
03/07/2016,575.76
03/08/2016,576.75
03/09/2016,573.47
03/10/2016,574.07
03/11/2016,576.12
03/14/2016,579.61
03/15/2016,576.78
03/16/2016,573.88
03/17/2016,581.55
03/18/2016,579.95
03/21/2016,577.65
03/22/2016,572.7
03/23/2016,570.74
03/24/2016,573.93
03/25/2016,569.48
03/28/2016,573.69
03/29/2016,575.63
03/30/2016,566.08
03/31/2016,569.04
04/01/2016,560.64
04/04/2016,557.56
04/05/2016,555.98
04/06/2016,561.94
04/07/2016,570.72
04/08/2016,571.21
04/11/2016,575.11
04/12/2016,580.9
04/13/2016,580.77
04/14/2016,575.69
04/15/2016,581.54
04/19/2016,578.32
04/20/2016,569.8
04/21/2016,571.19
04/22/2016,574.57
04/25/2016,597.91
04/26/2016,590.99
04/27/2016,601.79
04/28/2016,594.98
04/29/2016,591.2
05/04/2016,595.95
05/05/2016,600.66
05/06/2016,602.4
05/09/2016,610.92
05/10/2016,600.35
05/11/2016,606.6
05/12/2016,615.55
05/13/2016,612.32
05/16/2016,610.13
05/17/2016,620.54
05/18/2016,625.53
05/19/2016,621.83
05/20/2016,620.72
05/23/2016,616.11
05/24/2016,612.23
05/25/2016,613.96
05/26/2016,611.88
05/27/2016,604.36
05/30/2016,609.98
05/31/2016,616.22
06/01/2016,618.18
06/02/2016,619.19
06/03/2016,623.21
06/06/2016,621.09
06/07/2016,622.4
06/08/2016,626.84
06/09/2016,628.4
06/10/2016,629.95
06/13/2016,626.26
06/14/2016,621.63
06/15/2016,624.63
06/16/2016,627.38
06/17/2016,622.92
06/20/2016,622.04
06/21/2016,629.03
06/22/2016,628.77
06/23/2016,626.47
06/24/2016,631.77
06/27/2016,616.19
06/28/2016,617.68
06/29/2016,623.56
06/30/2016,633.17
07/01/2016,634.54
07/04/2016,643.11
07/05/2016,650.47
07/06/2016,646.8
07/07/2016,652.49
07/08/2016,661.07
07/11/2016,658.92
07/12/2016,652.81
07/13/2016,662.04
07/14/2016,675.66
07/15/2016,668.29
07/18/2016,664.12
07/19/2016,675.89
07/20/2016,667.86
07/21/2016,662.72
07/22/2016,657.15
07/25/2016,651.33
07/26/2016,648.58
07/27/2016,647.98
07/28/2016,655.81
07/29/2016,654.19
08/01/2016,655.38
08/02/2016,643.2
08/03/2016,632.98
08/04/2016,633.74
08/05/2016,629.69
08/08/2016,627.23
08/09/2016,629.66
08/10/2016,637.21
08/11/2016,649.27
08/12/2016,665.14
08/15/2016,654.06
08/16/2016,659.97
08/17/2016,659.46
08/18/2016,663.56
08/19/2016,664.09
08/22/2016,662.87
08/23/2016,653.58
08/24/2016,660.95
08/25/2016,659.57
08/26/2016,662.9
08/29/2016,670.71
08/30/2016,667.96
08/31/2016,673.1
09/01/2016,674.19
09/05/2016,669.3
09/06/2016,666.38
09/07/2016,663.05
09/08/2016,661.89
09/09/2016,669.24
09/12/2016,665.77
09/13/2016,658.61
09/14/2016,658.16
09/15/2016,657.46
09/16/2016,654.68
09/19/2016,656.68
09/20/2016,656.2
09/21/2016,663.12
09/22/2016,671.41
09/23/2016,670.73
09/26/2016,673.21
09/27/2016,676.61
09/28/2016,684.99
09/29/2016,689.82
09/30/2016,688.05
10/03/2016,687.68
10/04/2016,682.82
10/05/2016,686.41
10/06/2016,689.1
10/07/2016,689.51
10/10/2016,684.05
10/11/2016,677.63
10/12/2016,683.88
10/13/2016,680.73
10/14/2016,685.06
10/17/2016,687.18
10/18/2016,680.44
10/19/2016,683.83
10/20/2016,690.45
10/21/2016,685.77
10/24/2016,683.14
10/25/2016,676.29
10/26/2016,674.51
10/27/2016,672.81
10/28/2016,676.74
10/31/2016,682.11
11/01/2016,675.13
11/02/2016,675.68
11/03/2016,668.66
11/04/2016,666.93
11/07/2016,667.12
11/08/2016,675.82
11/09/2016,675.57
11/10/2016,675.36
11/11/2016,678.38
11/14/2016,677.13
11/15/2016,673.75
11/16/2016,674.85
11/17/2016,674.5
11/18/2016,673.82
11/21/2016,673.2
11/22/2016,675.23
11/23/2016,681.17
11/24/2016,683.61
11/25/2016,678.47
11/28/2016,672.38
11/29/2016,665.11
11/30/2016,658.44
12/01/2016,670.75
12/02/2016,667.02
12/05/2016,663.06
12/06/2016,660.68
12/07/2016,648.63
12/08/2016,655.48
12/09/2016,659.46
12/12/2016,663.7
12/13/2016,662.27
12/14/2016,657.39
12/15/2016,668.07
12/16/2016,670.43
12/19/2016,673.98
12/20/2016,673.93
12/21/2016,662.36
12/22/2016,669.01
12/23/2016,663.75
12/26/2016,665.67
12/27/2016,662.66
12/28/2016,665.9
12/29/2016,666.43
12/30/2016,664.17
01/03/2017,665.92
01/04/2017,672.58
01/05/2017,674.82
01/06/2017,675.35
01/09/2017,681.74
01/10/2017,682.77
01/11/2017,680.85
01/12/2017,688.71
01/13/2017,686.58
01/16/2017,684.62
01/17/2017,678.83
01/18/2017,683.74
01/19/2017,683.02
01/20/2017,684.05
01/23/2017,687.83
01/24/2017,687.08
01/25/2017,693.07
02/02/2017,699.8
02/03/2017,704.69
02/06/2017,702.02
02/07/2017,699.99
02/08/2017,702.67
02/09/2017,700.93
02/10/2017,701.15
02/13/2017,704.61
02/14/2017,706.41
02/15/2017,706.84
02/16/2017,712.61
02/17/2017,709.52
02/20/2017,705.72
02/21/2017,711.49
02/22/2017,717.77
02/23/2017,717.49
02/24/2017,716.35
02/27/2017,711.7
02/28/2017,718.24
03/01/2017,710.7
03/02/2017,712.68
03/03/2017,708.23
03/06/2017,714.61
03/07/2017,716.46
03/08/2017,715.04
03/09/2017,715.86
03/10/2017,715.85
03/13/2017,711.93
03/14/2017,709.9
03/15/2017,715.63
03/16/2017,712.56
03/17/2017,715.82
03/20/2017,711.44
03/21/2017,717.03
03/22/2017,715.78
03/23/2017,712.61
03/24/2017,722.42
03/27/2017,723.23
03/28/2017,724.37
03/29/2017,719.08
03/30/2017,721.87
03/31/2017,725.97
04/03/2017,723.02
04/04/2017,723.7
04/05/2017,724.89
04/07/2017,721.85
04/10/2017,728.71
04/11/2017,730.15
04/12/2017,731.62
04/13/2017,725.54
04/14/2017,722.47
04/17/2017,718.93
04/18/2017,708.64
04/19/2017,714.87
04/20/2017,716.76
04/21/2017,712.77
04/24/2017,711.6
04/25/2017,709
04/26/2017,706.36
04/27/2017,711.74
04/28/2017,715.9
05/03/2017,718.7
05/04/2017,717.98
05/05/2017,720.39
05/08/2017,720.61
05/09/2017,717.55
05/10/2017,721.94
05/11/2017,724.84
05/12/2017,724.63
05/15/2017,725.25
05/16/2017,725.84
05/17/2017,724.01
05/18/2017,723.8
05/19/2017,727.61
05/22/2017,738.63
05/23/2017,744.32
05/24/2017,739.91
05/25/2017,744.24
05/26/2017,741.4
05/29/2017,746.08
05/30/2017,747.07
05/31/2017,738.91
06/01/2017,739.45
06/02/2017,741.48
06/05/2017,739.13
06/06/2017,743.99
06/07/2017,752.75
06/08/2017,751.7
06/09/2017,749.46
06/12/2017,751.33
06/13/2017,752.35
06/14/2017,758.26
06/15/2017,760.38
06/16/2017,761.75
06/19/2017,763.75
06/20/2017,767.59
06/21/2017,765.71
06/22/2017,768.41
06/23/2017,765.66
06/26/2017,770.5
06/27/2017,773.15
06/28/2017,766.82
06/29/2017,771.26
06/30/2017,773.46
07/03/2017,777.2
07/04/2017,779.15
07/05/2017,775.85
07/06/2017,780.5
07/07/2017,783.73
07/10/2017,775.85
07/11/2017,766.56
07/12/2017,772.6
07/13/2017,777.12
07/14/2017,779.72
07/17/2017,777.7
07/18/2017,766.88
07/19/2017,771.33
07/20/2017,768.56
07/21/2017,768.9
07/24/2017,759.97
07/25/2017,757.43
07/26/2017,769.35
07/27/2017,773.21
07/28/2017,771.21
07/31/2017,777.54
08/01/2017,784.44
08/02/2017,783.45
08/03/2017,786.19
08/04/2017,789.46
08/07/2017,789.41
08/08/2017,795.8
08/09/2017,789.15
08/10/2017,769.58
08/11/2017,771.86
08/14/2017,770.65
08/15/2017,776.64
08/16/2017,771.1
08/17/2017,773.48
08/18/2017,762.82
08/21/2017,767.42
08/22/2017,768.2
08/23/2017,762.42
08/24/2017,766.48
08/25/2017,769.07
08/28/2017,771.81
08/29/2017,773.91
08/30/2017,774.31
08/31/2017,779.19
09/01/2017,784.42
09/05/2017,790.26
09/06/2017,792.16
09/07/2017,793.61
09/08/2017,797.98
09/11/2017,801.2
09/12/2017,795.53
09/13/2017,802.85
09/14/2017,803.34
09/15/2017,803.35
09/18/2017,808.51
09/19/2017,807.41
09/20/2017,806.88
09/21/2017,805.29
09/22/2017,805.15
09/25/2017,806.9
09/26/2017,806.4
09/27/2017,803.32
09/28/2017,803.1
09/29/2017,805.07
10/02/2017,805.29
10/03/2017,803.98
10/04/2017,797.39
10/05/2017,806.56
10/06/2017,805.7
10/09/2017,809.61
10/10/2017,808.43
10/11/2017,811.2
10/12/2017,814.43
10/13/2017,814.6
10/16/2017,821.54
10/17/2017,819.51
10/18/2017,829.43
10/19/2017,828.89
10/20/2017,827.93
10/23/2017,826.25
10/24/2017,818.08
10/25/2017,826.08
10/26/2017,829.94
10/27/2017,829.15
10/30/2017,842.92
10/31/2017,844.27
11/01/2017,838.75
11/02/2017,842.19
11/03/2017,833.16
11/06/2017,846.12
11/07/2017,850.2
11/08/2017,853.15
11/09/2017,862.38
11/10/2017,859.91
11/13/2017,871.7
11/14/2017,881.15
11/15/2017,877.65
11/16/2017,880.17
11/17/2017,893.99
11/20/2017,890.34
11/21/2017,907.51
11/22/2017,921.13
11/23/2017,938.31
11/24/2017,930.52
11/27/2017,933.38
11/28/2017,939.1
11/29/2017,943.46
11/30/2017,956.17
12/01/2017,952.76
12/04/2017,962.47
12/05/2017,972.28
12/06/2017,950.21
12/07/2017,950.23
12/08/2017,938.41
12/11/2017,930.17
12/12/2017,927.67
12/13/2017,932.05
12/14/2017,925.51
12/15/2017,933.63
12/18/2017,945.9
12/19/2017,961.03
12/20/2017,945.12
12/21/2017,949.45
12/22/2017,947.54
12/25/2017,954.28
12/26/2017,960.32
12/27/2017,969.72
12/28/2017,970.63
12/29/2017,978.39
01/02/2018,986.05
01/03/2018,999.86
01/04/2018,1009.37
01/05/2018,1020.34
01/08/2018,1011.36
01/09/2018,1027.14
01/10/2018,1034.64
01/11/2018,1037.03
01/12/2018,1050.17
01/15/2018,1049.91
01/16/2018,1059.36
01/17/2018,1061.98
01/18/2018,1028.76
01/19/2018,1054.33
01/22/2018,1066.86
01/25/2018,1098.44
01/26/2018,1119.78
01/29/2018,1121.78
01/30/2018,1099.98
01/31/2018,1112.23
02/01/2018,1111.74
02/02/2018,1098.66
02/05/2018,1089.62
02/06/2018,1026.08
02/07/2018,1040.53
02/08/2018,1031.46
02/09/2018,991.09
02/12/2018,1011.64
02/13/2018,1053.31
02/21/2018,1073.33
02/22/2018,1080.77
02/23/2018,1086.81
02/26/2018,1115.9
02/27/2018,1124.03
02/28/2018,1110.3
03/01/2018,1118.13
03/02/2018,1103.16
03/05/2018,1129.92
03/06/2018,1093.48
03/07/2018,1121.99
03/08/2018,1112.24
03/09/2018,1128.73
03/12/2018,1135.37
03/13/2018,1126.53
03/14/2018,1135.99
03/15/2018,1134.51
03/16/2018,1144.54
03/19/2018,1158.16
03/20/2018,1154.48
03/21/2018,1166.51
03/22/2018,1175.22
03/23/2018,1154.25
03/26/2018,1150.51
03/27/2018,1187.42
03/28/2018,1168.87
03/29/2018,1174.73
03/30/2018,1169.29
04/02/2018,1180.26
04/03/2018,1197
04/04/2018,1194.26
04/05/2018,1197.76
04/06/2018,1194.15
04/09/2018,1202.44
04/10/2018,1207.62
04/11/2018,1201.51
04/12/2018,1162.48
04/13/2018,1178.57
04/16/2018,1156.54
04/17/2018,1149.02
04/18/2018,1157.67
04/19/2018,1137.99
04/20/2018,1095.84
04/23/2018,1124.33
04/24/2018,1064.86
04/26/2018,1082.52
04/27/2018,1037.36
05/02/2018,1053.26
05/03/2018,1018.47
05/04/2018,1032.12
05/07/2018,1034.64
05/08/2018,1061.12
05/09/2018,1058.33
05/10/2018,1058.22
05/11/2018,1026.34
05/14/2018,1051.69
05/15/2018,1072.25
05/16/2018,1070.34
05/17/2018,1055.21
05/18/2018,1033.33
05/21/2018,1043.82
05/22/2018,1006.18
05/23/2018,974.8
05/24/2018,992.24
05/25/2018,981.47
05/28/2018,938.86
05/29/2018,925.89
05/30/2018,953.41
05/31/2018,947.96
06/01/2018,973.67
06/04/2018,994.48
06/05/2018,1013.59
06/06/2018,1020.97
06/07/2018,1038.93
06/08/2018,1032.59
06/11/2018,1033.55
06/12/2018,1033.55
06/13/2018,1017.93
06/14/2018,1030.53
06/15/2018,1012.71
06/18/2018,1015.56
06/19/2018,972.38
06/20/2018,957.37
06/21/2018,979.57
06/22/2018,963.89
06/25/2018,997.34
06/26/2018,977.78
06/27/2018,981.44
06/28/2018,964.76
06/29/2018,955.64
07/02/2018,955.18
07/03/2018,945.87
07/04/2018,904.34
07/05/2018,914.48
07/06/2018,891.16
07/09/2018,922.72
07/10/2018,919.44
07/11/2018,898.08
07/12/2018,891.21
07/13/2018,904.8
07/16/2018,914.22
07/17/2018,905.32
07/18/2018,926.14
07/19/2018,943.91
07/20/2018,938.83
07/23/2018,931.52
07/24/2018,933.22
07/25/2018,936.57
07/26/2018,928.96
07/27/2018,931.9
07/30/2018,940.76
07/31/2018,948.56
08/01/2018,957.35
08/02/2018,952.75
08/03/2018,957.92
08/06/2018,960.12
08/07/2018,957.7
08/08/2018,958.31
08/09/2018,968.57
08/10/2018,962.03
08/13/2018,966.46
08/14/2018,979.66
08/15/2018,980.45
08/16/2018,952.83
08/17/2018,971.4
08/20/2018,970.81
08/21/2018,968.46
08/22/2018,979.21
08/23/2018,984.12
08/24/2018,985.49
08/27/2018,990.19
08/28/2018,993.95
08/29/2018,995.05
08/30/2018,987.62
08/31/2018,998.55
09/04/2018,990.79
09/05/2018,975.05
09/06/2018,968.37
09/07/2018,955.5
09/10/2018,969.74
09/11/2018,968.41
09/12/2018,990
09/13/2018,987.48
09/14/2018,990
09/17/2018,990.65
09/18/2018,983.43
09/19/2018,998.65
09/20/2018,996.48
09/21/2018,1006.25
09/24/2018,1007.52
09/25/2018,1011.94
09/26/2018,1008.93
09/27/2018,1012.57
09/28/2018,1019.34
10/01/2018,1019.49
10/02/2018,1014.26
10/03/2018,1021.08
10/04/2018,1024.68
10/05/2018,1020.21
10/08/2018,1003.31
10/09/2018,998.7
10/10/2018,998.66
10/11/2018,972.21
10/12/2018,939.2
10/15/2018,968.8
10/16/2018,950.36
10/17/2018,973.14
10/18/2018,968.93
10/19/2018,949.94
10/22/2018,960.63
10/23/2018,950.12
10/24/2018,935.25
10/25/2018,902.59
10/26/2018,918.11
10/29/2018,895.05
10/30/2018,881.32
10/31/2018,894.23
11/01/2018,915.52
11/02/2018,911.35
11/05/2018,920.87
11/06/2018,931
11/07/2018,922.03
11/08/2018,928.69
11/09/2018,921.11
11/12/2018,909.36
11/13/2018,904.35
11/14/2018,904.16
11/15/2018,901.13
11/16/2018,901.44
11/19/2018,902.65
11/20/2018,909.76
11/21/2018,909.83
11/22/2018,924.93
11/23/2018,923.91
11/26/2018,915.67
11/27/2018,925.12
11/28/2018,922.29
11/29/2018,934.88
11/30/2018,924.49
12/03/2018,937.7
12/04/2018,952.97
12/05/2018,950.34
12/06/2018,957.14
12/07/2018,956.49
12/10/2018,955.06
12/11/2018,955.93
12/12/2018,956.32
12/13/2018,963.65
12/14/2018,958.78
12/17/2018,948.09
12/18/2018,921.48
12/19/2018,926.35
12/20/2018,915.5
12/21/2018,911.57
12/24/2018,910.86
12/25/2018,893.71
12/26/2018,896.63
12/27/2018,904.8
12/28/2018,903.79
01/02/2019,900.1
01/03/2019,889.78
01/04/2019,872.69
01/07/2019,890.47
01/08/2019,891.37
01/09/2019,890.26
01/10/2019,897.85
01/11/2019,899.1
01/14/2019,903.83
01/15/2019,901.21
01/16/2019,911.32
01/17/2019,908.48
01/18/2019,902.7
01/21/2019,905.25
01/22/2019,912.73
01/23/2019,905.73
01/24/2019,908.56
01/25/2019,908.86
01/28/2019,912.53
01/29/2019,913.67
01/30/2019,914.08
01/31/2019,919.12
02/01/2019,911.98
02/11/2019,916.98
02/12/2019,930.37
02/13/2019,937.61
02/14/2019,946.54
02/15/2019,951.9
02/18/2019,954.85
02/19/2019,962.84
02/20/2019,963.29
02/21/2019,972.82
02/22/2019,983.99
02/25/2019,996.06
02/26/2019,991.63
02/27/2019,989.61
02/28/2019,989.84
03/01/2019,971.05
03/04/2019,983.5
03/05/2019,990.08
03/06/2019,993.01
03/07/2019,995.65
03/08/2019,987.89
03/11/2019,982.94
03/12/2019,991.14
03/13/2019,1003.75
03/14/2019,1006.37
03/15/2019,1008.22
03/18/2019,1007.92
03/19/2019,1013.75
03/20/2019,1002.86
03/21/2019,1005.12
03/22/2019,984.9
03/25/2019,976.53
03/26/2019,975.44
03/27/2019,976.67
03/28/2019,973.44
03/29/2019,985.35
04/01/2019,984.89
04/02/2019,994.87
04/03/2019,984.74
04/04/2019,987.47
04/05/2019,988.09
04/08/2019,991.65
04/09/2019,999.89
04/10/2019,984.79
04/11/2019,984.46
04/12/2019,984.66
04/16/2019,970.87
04/17/2019,978.21
04/18/2019,969.5
04/19/2019,968.27
04/22/2019,963.78
04/23/2019,964.84
04/24/2019,969.66
04/25/2019,976.46
04/26/2019,972.86
05/02/2019,978.81
05/03/2019,976.77
05/06/2019,964.37
05/07/2019,961.31
05/08/2019,950.1
05/09/2019,950.66
05/10/2019,950.37
05/13/2019,952.11
05/14/2019,952.13
05/15/2019,967.95
05/16/2019,976.96
05/17/2019,977.85
05/20/2019,975.95
05/21/2019,989.67
05/22/2019,986.66
05/23/2019,982
05/24/2019,976.59
05/27/2019,970.73
05/28/2019,977.02
05/29/2019,973.31
05/30/2019,971.01
05/31/2019,968.53
06/03/2019,953.58
06/04/2019,945.62
06/05/2019,955.8
06/06/2019,950.57
06/07/2019,951.64
06/10/2019,963.78
06/11/2019,962.43
06/12/2019,960.6
06/13/2019,951.26
06/14/2019,948.65
06/17/2019,953.97
06/18/2019,945.73
06/19/2019,948.92
06/20/2019,949.48
06/21/2019,962.69
06/24/2019,960.29
06/25/2019,961.19
06/26/2019,958.6
06/27/2019,959.48
06/28/2019,944.53
07/01/2019,958.92
07/02/2019,964.77
07/03/2019,960.44
07/04/2019,961.78
07/05/2019,972.74
07/08/2019,972.83
07/09/2019,965.24
07/10/2019,971.19
07/11/2019,976.95
07/12/2019,980.11
07/15/2019,975.57
07/16/2019,975.05
07/17/2019,981.49
07/18/2019,979.16
07/19/2019,978.12
07/22/2019,981.17
07/23/2019,981.38
07/24/2019,993.01
07/25/2019,986.85
07/26/2019,994.8
07/29/2019,994.23
07/30/2019,1001.46
07/31/2019,986
08/01/2019,993.25
08/02/2019,987.55
08/05/2019,988.6
08/06/2019,960.29
08/07/2019,967.18
08/08/2019,965.62
08/09/2019,976.41
08/12/2019,975.38
08/13/2019,972.7
08/14/2019,975.88
08/15/2019,958.05
08/16/2019,974.88
08/19/2019,984.04
08/20/2019,983.94
08/21/2019,984.36
08/22/2019,996.41
08/23/2019,998.21
08/26/2019,983.8
08/27/2019,986.33
08/28/2019,977.1
08/29/2019,978.17
08/30/2019,978.17
